procedureGroup,organisationCode,organisationName,modelledRecords,averageQ1Score,averageQ2Score,adjustedAverageQ2score,adjustedAverageHealthGain,lowerConfidenceInterval,upperConfidenceInterval
Hip Replacement,National,National,26479,0.349,0.76,0.76,0.411,0.406,0.415
Hip Replacement,5QT,ISLE OF WIGHT NHS PCT,131,0.33,0.751,0.728,0.398,0.325,0.471
Hip Replacement,NT204,NUFFIELD HEALTH BRENTWOOD HOSPITAL,*,*,*,*,*,*,*
Hip Replacement,NT209,NUFFIELD HEALTH CAMBRIDGE HOSPITAL,16,0.333,0.715,*,*,*,*
Hip Replacement,NT210,NUFFIELD HEALTH THE GROSVENOR HOSPITAL, CHESTER,21,0.337,0.756,*,*,*,*
Hip Replacement,NT213,NUFFIELD HEALTH DERBY HOSPITAL,60,0.399,0.841,0.845,0.446,0.38,0.512
Hip Replacement,NT215,NUFFIELD HEALTH EXETER HOSPITAL,12,0.43,0.805,*,*,*,*
Hip Replacement,NT219,NUFFIELD HEALTH HEREFORD HOSPITAL,*,*,*,*,*,*,*
Hip Replacement,NT225,NUFFIELD HEALTH LEEDS HOSPITAL,*,*,*,*,*,*,*
Hip Replacement,NT229,NUFFIELD HEALTH NEWCASTLE-UPON-TYNE HOSPITAL,*,*,*,*,*,*,*
Hip Replacement,NT235,NUFFIELD HEALTH SHREWSBURY HOSPITAL,*,*,*,*,*,*,*
Hip Replacement,NT238,NUFFIELD HEALTH TAUNTON HOSPITAL,30,0.449,0.872,0.917,0.468,0.38,0.557
Hip Replacement,NT239,NUFFIELD HEALTH TUNBRIDGE WELLS HOSPITAL,8,0.176,0.463,*,*,*,*
Hip Replacement,NT242,NUFFIELD HEALTH WOLVERHAMPTON HOSPITAL,15,0.389,0.791,*,*,*,*
Hip Replacement,NT245,NUFFIELD HEALTH YORK HOSPITAL,16,0.277,0.786,*,*,*,*
Hip Replacement,NT301,SPIRE SOUTH BANK HOSPITAL,*,*,*,*,*,*,*
Hip Replacement,NT302,SPIRE BRISTOL HOSPITAL,*,*,*,*,*,*,*
Hip Replacement,NT304,SPIRE SOUTHAMPTON HOSPITAL,7,0.422,0.684,*,*,*,*
Hip Replacement,NT305,SPIRE PORTSMOUTH HOSPITAL,25,0.439,0.87,*,*,*,*
Hip Replacement,NT307,Unknown (NT307),12,0.485,0.936,*,*,*,*
Hip Replacement,NT308,SPIRE GATWICK PARK HOSPITAL,6,0.446,0.88,*,*,*,*
Hip Replacement,NT309,SPIRE SUSSEX HOSPITAL,20,0.534,0.867,*,*,*,*
Hip Replacement,NT312,SPIRE ALEXANDRA HOSPITAL,*,*,*,*,*,*,*
Hip Replacement,NT313,SPIRE WELLESLEY HOSPITAL,9,0.327,0.844,*,*,*,*
Hip Replacement,NT314,SPIRE RODING HOSPITAL,*,*,*,*,*,*,*
Hip Replacement,NT315,SPIRE BUSHEY HOSPITAL,41,0.53,0.8,0.922,0.392,0.262,0.523
Hip Replacement,NT316,SPIRE HARPENDEN HOSPITAL,21,0.398,0.728,*,*,*,*
Hip Replacement,NT317,SPIRE CAMBRIDGE LEA HOSPITAL,*,*,*,*,*,*,*
Hip Replacement,NT318,SPIRE NORWICH HOSPITAL,16,0.407,0.791,*,*,*,*
Hip Replacement,NT320,SPIRE PARKWAY HOSPITAL,19,0.497,0.75,*,*,*,*
Hip Replacement,NT321,SPIRE LITTLE ASTON HOSPITAL,15,0.343,0.739,*,*,*,*
Hip Replacement,NT322,SPIRE LEICESTER HOSPITAL,8,0.665,0.822,*,*,*,*
Hip Replacement,NT324,SPIRE CHESHIRE HOSPITAL,26,0.466,0.82,*,*,*,*
Hip Replacement,NT325,SPIRE MURRAYFIELD HOSPITAL,*,*,*,*,*,*,*
Hip Replacement,NT327,SPIRE MANCHESTER HOSPITAL,7,0.411,0.713,*,*,*,*
Hip Replacement,NT332,SPIRE LEEDS HOSPITAL,*,*,*,*,*,*,*
Hip Replacement,NT333,SPIRE WASHINGTON HOSPITAL,14,0.265,0.745,*,*,*,*
Hip Replacement,NT339,SPIRE REGENCY HOSPITAL,9,0.433,0.809,*,*,*,*
Hip Replacement,NT343,SPIRE THAMES VALLEY HOSPITAL,*,*,*,*,*,*,*
Hip Replacement,NT344,SPIRE DUNEDIN HOSPITAL,*,*,*,*,*,*,*
Hip Replacement,NT346,SPIRE ST SAVIOURS HOSPITAL,27,0.511,0.739,*,*,*,*
Hip Replacement,NT347,SPIRE FYLDE COAST HOSPITAL,*,*,*,*,*,*,*
Hip Replacement,NT348,SPIRE ELLAND HOSPITAL,13,0.189,0.541,*,*,*,*
Hip Replacement,NT350,SPIRE METHLEY PARK HOSPITAL,6,0.381,0.719,*,*,*,*
Hip Replacement,NT351,SPIRE HULL AND EAST RIDING HOSPITAL,28,0.287,0.814,*,*,*,*
Hip Replacement,NT401,BMI - THE ALEXANDRA HOSPITAL,13,0.382,0.743,*,*,*,*
Hip Replacement,NT402,BMI - BATH CLINIC,10,0.335,0.912,*,*,*,*
Hip Replacement,NT403,BMI - THE BEARDWOOD HOSPITAL,*,*,*,*,*,*,*
Hip Replacement,NT404,BMI - THE BEAUMONT HOSPITAL,*,*,*,*,*,*,*
Hip Replacement,NT406,BMI - THE BLACKHEATH HOSPITAL,*,*,*,*,*,*,*
Hip Replacement,NT411,BMI - THE CLEMENTINE CHURCHILL HOSPITAL,*,*,*,*,*,*,*
Hip Replacement,NT412,BMI - THE DROITWICH SPA HOSPITAL,16,0.58,0.801,*,*,*,*
Hip Replacement,NT413,BMI - THE ESPERANCE HOSPITAL,8,0.312,0.739,*,*,*,*
Hip Replacement,NT414,BMI - FAWKHAM MANOR HOSPITAL,*,*,*,*,*,*,*
Hip Replacement,NT415,BMI - THE FOSCOTE HOSPITAL,*,*,*,*,*,*,*
Hip Replacement,NT416,BMI - THE GARDEN HOSPITAL,*,*,*,*,*,*,*
Hip Replacement,NT420,BMI - THE HIGHFIELD HOSPITAL,31,0.259,0.707,0.622,0.363,0.244,0.482
Hip Replacement,NT421,BMI - THE KINGS OAK HOSPITAL,*,*,*,*,*,*,*
Hip Replacement,NT422,BMI - THE LONDON INDEPENDENT HOSPITAL,*,*,*,*,*,*,*
Hip Replacement,NT424,BMI - THE MERIDEN HOSPITAL,*,*,*,*,*,*,*
Hip Replacement,NT427,BMI - THE PARK HOSPITAL,*,*,*,*,*,*,*
Hip Replacement,NT428,BMI - THE PRINCESS MARGARET HOSPITAL,*,*,*,*,*,*,*
Hip Replacement,NT430,BMI - THE RIDGEWAY HOSPITAL,*,*,*,*,*,*,*
Hip Replacement,NT431,BMI - THE RUNNYMEDE HOSPITAL,*,*,*,*,*,*,*
Hip Replacement,NT432,BMI - THE SANDRINGHAM HOSPITAL,11,0.453,0.886,*,*,*,*
Hip Replacement,NT433,BMI - SARUM ROAD HOSPITAL,*,*,*,*,*,*,*
Hip Replacement,NT434,BMI - THE SAXON CLINIC,8,0.326,0.897,*,*,*,*
Hip Replacement,NT435,BMI - THE SHELBURNE HOSPITAL,*,*,*,*,*,*,*
Hip Replacement,NT438,BMI - THE SOMERFIELD HOSPITAL,*,*,*,*,*,*,*
Hip Replacement,NT439,BMI - THE SOUTH CHESHIRE PRIVATE HOSPITAL,*,*,*,*,*,*,*
Hip Replacement,NT440,BMI - THORNBURY HOSPITAL,63,0.342,0.807,0.796,0.454,0.369,0.539
Hip Replacement,NT441,BMI - THREE SHIRES HOSPITAL,7,0.479,0.91,*,*,*,*
Hip Replacement,NT443,BMI - THE WINTERBOURNE HOSPITAL,6,0.378,0.877,*,*,*,*
Hip Replacement,NT447,BMI THE DUCHY HOSPITAL,*,*,*,*,*,*,*
Hip Replacement,NT448,BMI THE HUDDERSFIELD HOSPITAL,*,*,*,*,*,*,*
Hip Replacement,NT449,BMI THE LANCASTER HOSPITAL,*,*,*,*,*,*,*
Hip Replacement,NT450,BMI THE LINCOLN HOSPITAL,*,*,*,*,*,*,*
Hip Replacement,NT714,GREATER MANCHESTER SURGICAL CENTRE,103,0.305,0.801,0.742,0.437,0.362,0.513
Hip Replacement,NTC01,SHEPTON MALLET NHS TREATMENT CENTRE,201,0.39,0.871,0.874,0.484,0.441,0.526
Hip Replacement,NTC02,EMERSONS GREEN NHS TREATMENT CENTRE,14,0.496,0.872,*,*,*,*
Hip Replacement,NTD02,THE CHESHIRE & MERSEYSIDE NHS TREATMENT CENTRE,270,0.373,0.811,0.813,0.44,0.398,0.481
Hip Replacement,NTE03,CLAREMONT HOSPITAL,96,0.344,0.783,0.754,0.41,0.334,0.487
Hip Replacement,NTF01,ABBEY GISBURNE PARK HOSPITAL,40,0.396,0.796,0.827,0.431,0.34,0.521
Hip Replacement,NTP11,SOUTHAMPTON NHS TREATMENT CENTRE (NTP11),*,*,*,*,*,*,*
Hip Replacement,NTP15,NORTH EAST LONDON NHS TREATMENT CENTRE (NTP15),14,0.32,0.671,*,*,*,*
Hip Replacement,NTY25,HOLLY HOUSE HOSPITAL,22,0.278,0.842,*,*,*,*
Hip Replacement,NTYF1,THE SPENCER WING,29,0.28,0.732,*,*,*,*
Hip Replacement,NTYH9,TYNESIDE SURGICAL SERVICES LTD,*,*,*,*,*,*,*
Hip Replacement,NVC01,ASHTEAD HOSPITAL,29,0.557,0.884,*,*,*,*
Hip Replacement,NVC02,THE BERKSHIRE INDEPENDENT HOSPITAL,10,0.448,0.758,*,*,*,*
Hip Replacement,NVC04,DUCHY HOSPITAL,155,0.392,0.8,0.824,0.432,0.37,0.494
Hip Replacement,NVC05,EUXTON HALL HOSPITAL,28,0.271,0.759,*,*,*,*
Hip Replacement,NVC06,FITZWILLIAM HOSPITAL,75,0.367,0.777,0.783,0.416,0.323,0.51
Hip Replacement,NVC07,FULWOOD HALL HOSPITAL,78,0.4,0.823,0.842,0.442,0.369,0.514
Hip Replacement,NVC08,MOUNT STUART HOSPITAL,89,0.432,0.824,0.876,0.444,0.37,0.517
Hip Replacement,NVC09,NEW HALL HOSPITAL,47,0.366,0.877,0.879,0.513,0.456,0.569
Hip Replacement,NVC11,NORTH DOWNS HOSPITAL,13,0.481,0.967,*,*,*,*
Hip Replacement,NVC12,OAKLANDS HOSPITAL,7,0.099,0.796,*,*,*,*
Hip Replacement,NVC13,OAKS HOSPITAL,25,0.43,0.874,*,*,*,*
Hip Replacement,NVC14,PARK HILL HOSPITAL,59,0.223,0.688,0.585,0.362,0.24,0.483
Hip Replacement,NVC15,PINEHILL HOSPITAL,47,0.48,0.842,0.918,0.438,0.346,0.53
Hip Replacement,NVC16,RENACRES HOSPITAL,28,0.383,0.84,*,*,*,*
Hip Replacement,NVC17,ROWLEY HALL HOSPITAL,17,0.429,0.84,*,*,*,*
Hip Replacement,NVC18,SPRINGFIELD HOSPITAL,56,0.435,0.813,0.856,0.421,0.316,0.525
Hip Replacement,NVC19,RIVERS HOSPITAL,23,0.308,0.772,*,*,*,*
Hip Replacement,NVC20,THE YORKSHIRE CLINIC,122,0.398,0.794,0.819,0.421,0.352,0.489
Hip Replacement,NVC21,WEST MIDLANDS HOSPITAL,10,0.589,0.842,*,*,*,*
Hip Replacement,NVC22,WINFIELD HOSPITAL,46,0.488,0.848,0.907,0.419,0.349,0.488
Hip Replacement,NVC23,WOODLAND HOSPITAL,84,0.496,0.835,0.918,0.422,0.361,0.482
Hip Replacement,NVC25,HORTON NHS TREATMENT CENTRE,72,0.369,0.844,0.822,0.453,0.387,0.519
Hip Replacement,NVC28,CLIFTON PARK NHS TREATMENT CENTRE,156,0.404,0.794,0.813,0.409,0.356,0.463
Hip Replacement,NVC39,KENDAL NHS TREATMENT CENTRE,17,0.481,0.946,*,*,*,*
Hip Replacement,NVC40,NOTTINGHAM WOODTHORPE HOSPITAL,24,0.363,0.829,*,*,*,*
Hip Replacement,NVG01,FAIRFIELD HOSPITAL,*,*,*,*,*,*,*
Hip Replacement,NWF01,BENENDEN HOSPITAL,*,*,*,*,*,*,*
Hip Replacement,NXM01,THE HORDER CENTRE - ST JOHNS ROAD,575,0.476,0.848,0.925,0.449,0.425,0.473
Hip Replacement,RA2,ROYAL SURREY COUNTY HOSPITAL NHS FOUNDATION TRUST,160,0.435,0.83,0.875,0.44,0.381,0.499
Hip Replacement,RA3,WESTON AREA HEALTH NHS TRUST,108,0.373,0.785,0.787,0.414,0.34,0.487
Hip Replacement,RA4,YEOVIL DISTRICT HOSPITAL NHS FOUNDATION TRUST,130,0.387,0.794,0.812,0.425,0.361,0.49
Hip Replacement,RA9,SOUTH DEVON HEALTHCARE NHS FOUNDATION TRUST,111,0.304,0.726,0.715,0.411,0.338,0.484
Hip Replacement,RAE,BRADFORD TEACHING HOSPITALS NHS FOUNDATION TRUST,74,0.368,0.729,0.75,0.382,0.295,0.468
Hip Replacement,RAJ,SOUTHEND UNIVERSITY HOSPITAL NHS FOUNDATION TRUST,195,0.336,0.712,0.709,0.373,0.313,0.433
Hip Replacement,RAL,ROYAL FREE HAMPSTEAD NHS TRUST,55,0.248,0.695,0.625,0.377,0.258,0.497
Hip Replacement,RAN,ROYAL NATIONAL ORTHOPAEDIC HOSPITAL NHS TRUST,176,0.356,0.708,0.723,0.367,0.301,0.434
Hip Replacement,RAP,NORTH MIDDLESEX UNIVERSITY HOSPITAL NHS TRUST,22,0.324,0.634,*,*,*,*
Hip Replacement,RAS,THE HILLINGDON HOSPITAL NHS TRUST,73,0.343,0.787,0.758,0.415,0.325,0.505
Hip Replacement,RBA,TAUNTON AND SOMERSET NHS FOUNDATION TRUST,113,0.389,0.779,0.833,0.444,0.369,0.519
Hip Replacement,RBD,DORSET COUNTY HOSPITAL NHS FOUNDATION TRUST,185,0.372,0.762,0.785,0.413,0.345,0.481
Hip Replacement,RBF,NUFFIELD ORTHOPAEDIC CENTRE NHS TRUST,400,0.375,0.788,0.786,0.411,0.374,0.448
Hip Replacement,RBK,WALSALL HOSPITALS NHS TRUST,57,0.311,0.667,0.681,0.37,0.269,0.472
Hip Replacement,RBL,WIRRAL UNIVERSITY TEACHING HOSPITAL NHS FOUNDATION TRUST,151,0.287,0.709,0.679,0.392,0.324,0.459
Hip Replacement,RBN,ST HELENS AND KNOWSLEY HOSPITALS NHS TRUST,91,0.251,0.722,0.664,0.413,0.332,0.494
Hip Replacement,RBT,MID CHESHIRE HOSPITALS NHS FOUNDATION TRUST,138,0.312,0.724,0.694,0.382,0.313,0.451
Hip Replacement,RBZ,NORTHERN DEVON HEALTHCARE NHS TRUST,48,0.38,0.8,0.797,0.417,0.287,0.547
Hip Replacement,RC1,BEDFORD HOSPITAL NHS TRUST,117,0.331,0.725,0.702,0.371,0.294,0.449
Hip Replacement,RC3,EALING HOSPITAL NHS TRUST,18,0.317,0.702,*,*,*,*
Hip Replacement,RC9,LUTON AND DUNSTABLE HOSPITAL NHS FOUNDATION TRUST,144,0.288,0.737,0.702,0.414,0.347,0.481
Hip Replacement,RCB,YORK HOSPITALS NHS FOUNDATION TRUST,93,0.394,0.752,0.807,0.413,0.326,0.5
Hip Replacement,RCC,SCARBOROUGH AND NORTH EAST YORKSHIRE HEALTH CARE NHS TRUST,132,0.378,0.772,0.796,0.418,0.351,0.485
Hip Replacement,RCD,HARROGATE AND DISTRICT NHS FOUNDATION TRUST,249,0.461,0.816,0.887,0.426,0.383,0.469
Hip Replacement,RCF,AIREDALE NHS FOUNDATION TRUST,99,0.353,0.757,0.744,0.391,0.304,0.477
Hip Replacement,RCX,THE QUEEN ELIZABETH HOSPITAL KING'S LYNN NHS TRUST,119,0.38,0.769,0.781,0.401,0.337,0.464
Hip Replacement,RD1,ROYAL UNITED HOSPITAL BATH NHS TRUST,81,0.383,0.763,0.782,0.399,0.313,0.485
Hip Replacement,RD7,HEATHERWOOD AND WEXHAM PARK HOSPITALS NHS FOUNDATION TRUST,75,0.34,0.772,0.78,0.44,0.336,0.544
Hip Replacement,RD8,MILTON KEYNES HOSPITAL NHS FOUNDATION TRUST,96,0.344,0.776,0.765,0.421,0.352,0.491
Hip Replacement,RDD,BASILDON AND THURROCK UNIVERSITY HOSPITALS NHS FOUNDATION TRUST,185,0.258,0.738,0.662,0.404,0.346,0.461
Hip Replacement,RDE,COLCHESTER HOSPITAL UNIVERSITY NHS FOUNDATION TRUST,202,0.291,0.72,0.695,0.404,0.344,0.465
Hip Replacement,RDU,FRIMLEY PARK HOSPITAL NHS FOUNDATION TRUST,173,0.404,0.801,0.844,0.44,0.385,0.494
Hip Replacement,RDZ,THE ROYAL BOURNEMOUTH AND CHRISTCHURCH HOSPITALS NHS FOUNDATION TRUST,279,0.289,0.788,0.738,0.449,0.404,0.494
Hip Replacement,RE9,SOUTH TYNESIDE NHS FOUNDATION TRUST,36,0.28,0.639,0.59,0.31,0.116,0.504
Hip Replacement,REF,ROYAL CORNWALL HOSPITALS NHS TRUST,262,0.352,0.721,0.725,0.373,0.32,0.426
Hip Replacement,REM,AINTREE UNIVERSITY HOSPITALS NHS FOUNDATION TRUST,101,0.238,0.661,0.585,0.347,0.244,0.451
Hip Replacement,RF4,BARKING, HAVERING AND REDBRIDGE UNIVERSITY HOSPITALS NHS TRUST,58,0.276,0.621,0.576,0.3,0.153,0.447
Hip Replacement,RFF,BARNSLEY HOSPITAL NHS FOUNDATION TRUST,90,0.289,0.672,0.636,0.347,0.243,0.451
Hip Replacement,RFR,THE ROTHERHAM NHS FOUNDATION TRUST,106,0.34,0.716,0.727,0.387,0.306,0.468
Hip Replacement,RFS,CHESTERFIELD ROYAL HOSPITAL NHS FOUNDATION TRUST,207,0.324,0.696,0.691,0.367,0.299,0.435
Hip Replacement,RFW,WEST MIDDLESEX UNIVERSITY HOSPITAL NHS TRUST,35,0.228,0.769,0.657,0.429,0.344,0.514
Hip Replacement,RGC,WHIPPS CROSS UNIVERSITY HOSPITAL NHS TRUST,54,0.311,0.784,0.754,0.443,0.367,0.519
Hip Replacement,RGN,PETERBOROUGH AND STAMFORD HOSPITALS NHS FOUNDATION TRUST,139,0.334,0.775,0.762,0.428,0.376,0.48
Hip Replacement,RGP,JAMES PAGET UNIVERSITY HOSPITALS NHS FOUNDATION TRUST,196,0.337,0.768,0.766,0.429,0.373,0.485
Hip Replacement,RGQ,IPSWICH HOSPITAL NHS TRUST,241,0.369,0.803,0.804,0.435,0.388,0.482
Hip Replacement,RGR,WEST SUFFOLK HOSPITALS NHS TRUST,225,0.39,0.822,0.842,0.452,0.412,0.492
Hip Replacement,RGT,CAMBRIDGE UNIVERSITY HOSPITALS NHS FOUNDATION TRUST,163,0.395,0.778,0.81,0.415,0.36,0.471
Hip Replacement,RH8,ROYAL DEVON AND EXETER NHS FOUNDATION TRUST,579,0.441,0.804,0.858,0.417,0.389,0.446
Hip Replacement,RHM,SOUTHAMPTON UNIVERSITY HOSPITALS NHS TRUST,125,0.334,0.728,0.715,0.381,0.301,0.46
Hip Replacement,RHQ,SHEFFIELD TEACHING HOSPITALS NHS FOUNDATION TRUST,159,0.304,0.677,0.665,0.361,0.287,0.434
Hip Replacement,RHU,PORTSMOUTH HOSPITALS NHS TRUST,259,0.382,0.769,0.798,0.416,0.366,0.465
Hip Replacement,RHW,ROYAL BERKSHIRE NHS FOUNDATION TRUST,170,0.339,0.798,0.785,0.446,0.391,0.502
Hip Replacement,RJ1,GUY'S AND ST THOMAS' NHS FOUNDATION TRUST,132,0.339,0.707,0.723,0.384,0.297,0.47
Hip Replacement,RJ2,LEWISHAM HEALTHCARE NHS TRUST,41,0.257,0.738,0.679,0.422,0.296,0.547
Hip Replacement,RJ7,ST GEORGE'S HEALTHCARE NHS TRUST,22,0.247,0.74,*,*,*,*
Hip Replacement,RJC,SOUTH WARWICKSHIRE NHS FOUNDATION TRUST,175,0.408,0.8,0.844,0.436,0.384,0.487
Hip Replacement,RJD,MID STAFFORDSHIRE NHS FOUNDATION TRUST,54,0.42,0.805,0.834,0.414,0.324,0.505
Hip Replacement,RJE,UNIVERSITY HOSPITAL OF NORTH STAFFORDSHIRE NHS TRUST,280,0.245,0.671,0.608,0.363,0.306,0.419
Hip Replacement,RJF,BURTON HOSPITALS NHS FOUNDATION TRUST,153,0.374,0.802,0.8,0.426,0.372,0.48
Hip Replacement,RJL,NORTHERN LINCOLNSHIRE AND GOOLE HOSPITALS NHS FOUNDATION TRUST,292,0.267,0.76,0.696,0.429,0.382,0.476
Hip Replacement,RJN,EAST CHESHIRE NHS TRUST,92,0.384,0.79,0.812,0.428,0.357,0.499
Hip Replacement,RJR,COUNTESS OF CHESTER HOSPITAL NHS FOUNDATION TRUST,50,0.242,0.697,0.607,0.365,0.243,0.487
Hip Replacement,RJZ,KING'S COLLEGE HOSPITAL NHS FOUNDATION TRUST,73,0.309,0.754,0.748,0.439,0.348,0.53
Hip Replacement,RK5,SHERWOOD FOREST HOSPITALS NHS FOUNDATION TRUST,119,0.284,0.682,0.639,0.355,0.278,0.433
Hip Replacement,RK9,PLYMOUTH HOSPITALS NHS TRUST,245,0.339,0.699,0.725,0.386,0.325,0.447
Hip Replacement,RKB,UNIVERSITY HOSPITALS COVENTRY AND WARWICKSHIRE NHS TRUST,196,0.342,0.725,0.713,0.371,0.307,0.435
Hip Replacement,RKE,THE WHITTINGTON HOSPITAL NHS TRUST,39,0.422,0.773,0.862,0.44,0.288,0.591
Hip Replacement,RL1,ROBERT JONES AND AGNES HUNT ORTHOPAEDIC AND DISTRICT HOSPITAL NHS TRUST,462,0.392,0.798,0.828,0.436,0.4,0.472
Hip Replacement,RL4,THE ROYAL WOLVERHAMPTON HOSPITALS NHS TRUST,135,0.313,0.756,0.753,0.44,0.369,0.512
Hip Replacement,RLN,CITY HOSPITALS SUNDERLAND NHS FOUNDATION TRUST,85,0.275,0.639,0.628,0.353,0.241,0.466
Hip Replacement,RLQ,HEREFORD HOSPITALS NHS TRUST,160,0.364,0.783,0.777,0.413,0.353,0.473
Hip Replacement,RLT,GEORGE ELIOT HOSPITAL NHS TRUST,151,0.301,0.676,0.662,0.361,0.286,0.437
Hip Replacement,RM1,NORFOLK AND NORWICH UNIVERSITY HOSPITALS NHS FOUNDATION TRUST,322,0.346,0.733,0.733,0.387,0.338,0.436
Hip Replacement,RM2,UNIVERSITY HOSPITAL OF SOUTH MANCHESTER NHS FOUNDATION TRUST,85,0.309,0.759,0.729,0.42,0.335,0.504
Hip Replacement,RM3,SALFORD ROYAL NHS FOUNDATION TRUST,43,0.207,0.624,0.521,0.314,0.175,0.452
Hip Replacement,RM4,TRAFFORD HEALTHCARE NHS TRUST,56,0.305,0.781,0.759,0.454,0.344,0.565
Hip Replacement,RMC,ROYAL BOLTON HOSPITAL NHS FOUNDATION TRUST,74,0.303,0.689,0.679,0.376,0.276,0.475
Hip Replacement,RMP,TAMESIDE HOSPITAL NHS FOUNDATION TRUST,45,0.224,0.745,0.67,0.446,0.319,0.573
Hip Replacement,RN1,WINCHESTER AND EASTLEIGH HEALTHCARE NHS TRUST,98,0.41,0.794,0.824,0.414,0.36,0.467
Hip Replacement,RN3,GREAT WESTERN HOSPITALS NHS FOUNDATION TRUST,193,0.387,0.775,0.791,0.404,0.351,0.457
Hip Replacement,RN5,BASINGSTOKE AND NORTH HAMPSHIRE NHS FOUNDATION TRUST,166,0.455,0.814,0.876,0.421,0.367,0.475
Hip Replacement,RN7,DARTFORD AND GRAVESHAM NHS TRUST,21,0.426,0.868,*,*,*,*
Hip Replacement,RNA,THE DUDLEY GROUP OF HOSPITALS NHS FOUNDATION TRUST,223,0.344,0.723,0.728,0.384,0.334,0.434
Hip Replacement,RNH,NEWHAM UNIVERSITY HOSPITAL NHS TRUST,32,0.237,0.683,0.646,0.409,0.267,0.551
Hip Replacement,RNJ,BARTS AND THE LONDON NHS TRUST,73,0.305,0.713,0.738,0.433,0.316,0.549
Hip Replacement,RNL,NORTH CUMBRIA UNIVERSITY HOSPITALS NHS TRUST,91,0.284,0.772,0.724,0.44,0.327,0.554
Hip Replacement,RNQ,KETTERING GENERAL HOSPITAL NHS FOUNDATION TRUST,65,0.432,0.733,0.81,0.378,0.287,0.469
Hip Replacement,RNS,NORTHAMPTON GENERAL HOSPITAL NHS TRUST,107,0.329,0.786,0.767,0.438,0.377,0.5
Hip Replacement,RNZ,SALISBURY NHS FOUNDATION TRUST,100,0.361,0.77,0.759,0.398,0.321,0.474
Hip Replacement,RP5,DONCASTER AND BASSETLAW HOSPITALS NHS FOUNDATION TRUST,222,0.316,0.705,0.695,0.379,0.32,0.439
Hip Replacement,RPA,MEDWAY NHS FOUNDATION TRUST,78,0.283,0.705,0.657,0.374,0.275,0.472
Hip Replacement,RQ6,ROYAL LIVERPOOL AND BROADGREEN UNIVERSITY HOSPITALS NHS TRUST,60,0.348,0.702,0.694,0.346,0.193,0.499
Hip Replacement,RQ8,MID ESSEX HOSPITAL SERVICES NHS TRUST,221,0.287,0.804,0.754,0.467,0.42,0.513
Hip Replacement,RQM,CHELSEA AND WESTMINSTER HOSPITAL NHS FOUNDATION TRUST,*,*,*,*,*,*,*
Hip Replacement,RQQ,HINCHINGBROOKE HEALTH CARE NHS TRUST,176,0.391,0.769,0.796,0.405,0.348,0.462
Hip Replacement,RQW,THE PRINCESS ALEXANDRA HOSPITAL NHS TRUST,117,0.332,0.78,0.758,0.426,0.364,0.487
Hip Replacement,RQX,HOMERTON UNIVERSITY HOSPITAL NHS FOUNDATION TRUST,15,0.405,0.63,*,*,*,*
Hip Replacement,RR1,HEART OF ENGLAND NHS FOUNDATION TRUST,210,0.263,0.683,0.64,0.377,0.318,0.435
Hip Replacement,RR7,GATESHEAD HEALTH NHS FOUNDATION TRUST,79,0.382,0.731,0.746,0.364,0.269,0.46
Hip Replacement,RR8,LEEDS TEACHING HOSPITALS NHS TRUST,193,0.288,0.744,0.711,0.423,0.367,0.478
Hip Replacement,RRF,WRIGHTINGTON, WIGAN AND LEIGH NHS FOUNDATION TRUST,186,0.281,0.711,0.659,0.378,0.318,0.439
Hip Replacement,RRJ,THE ROYAL ORTHOPAEDIC HOSPITAL NHS FOUNDATION TRUST,546,0.326,0.752,0.751,0.425,0.39,0.459
Hip Replacement,RRV,UNIVERSITY COLLEGE LONDON HOSPITALS NHS FOUNDATION TRUST,95,0.435,0.732,0.823,0.388,0.307,0.469
Hip Replacement,RTD,THE NEWCASTLE UPON TYNE HOSPITALS NHS FOUNDATION TRUST,220,0.357,0.729,0.781,0.424,0.358,0.491
Hip Replacement,RTE,GLOUCESTERSHIRE HOSPITALS NHS FOUNDATION TRUST,313,0.39,0.761,0.782,0.392,0.348,0.436
Hip Replacement,RTF,NORTHUMBRIA HEALTHCARE NHS FOUNDATION TRUST,322,0.381,0.801,0.817,0.436,0.403,0.47
Hip Replacement,RTG,DERBY HOSPITALS NHS FOUNDATION TRUST,279,0.369,0.759,0.772,0.403,0.358,0.448
Hip Replacement,RTK,ASHFORD AND ST PETER'S HOSPITALS NHS FOUNDATION TRUST,169,0.353,0.788,0.79,0.437,0.38,0.494
Hip Replacement,RTP,SURREY AND SUSSEX HEALTHCARE NHS TRUST,45,0.352,0.759,0.752,0.4,0.298,0.501
Hip Replacement,RTR,SOUTH TEES HOSPITALS NHS FOUNDATION TRUST,319,0.324,0.742,0.731,0.407,0.364,0.45
Hip Replacement,RTX,UNIVERSITY HOSPITALS OF MORECAMBE BAY NHS FOUNDATION TRUST,190,0.428,0.768,0.826,0.398,0.344,0.452
Hip Replacement,RV8,NORTH WEST LONDON HOSPITALS NHS TRUST,56,0.392,0.788,0.813,0.421,0.332,0.511
Hip Replacement,RVJ,NORTH BRISTOL NHS TRUST,188,0.394,0.767,0.79,0.396,0.339,0.453
Hip Replacement,RVL,BARNET AND CHASE FARM HOSPITALS NHS TRUST,67,0.252,0.729,0.662,0.41,0.309,0.511
Hip Replacement,RVR,EPSOM AND ST HELIER UNIVERSITY HOSPITALS NHS TRUST,620,0.384,0.799,0.817,0.433,0.405,0.461
Hip Replacement,RVV,EAST KENT HOSPITALS UNIVERSITY NHS FOUNDATION TRUST,321,0.314,0.738,0.733,0.419,0.372,0.466
Hip Replacement,RVW,NORTH TEES AND HARTLEPOOL NHS FOUNDATION TRUST,209,0.293,0.685,0.658,0.365,0.298,0.433
Hip Replacement,RVY,SOUTHPORT AND ORMSKIRK HOSPITAL NHS TRUST,43,0.261,0.67,0.579,0.318,0.164,0.472
Hip Replacement,RW3,CENTRAL MANCHESTER UNIVERSITY HOSPITALS NHS FOUNDATION TRUST,42,0.246,0.691,0.683,0.437,0.289,0.584
Hip Replacement,RW6,PENNINE ACUTE HOSPITALS NHS TRUST,184,0.269,0.698,0.663,0.394,0.328,0.46
Hip Replacement,RWA,HULL AND EAST YORKSHIRE HOSPITALS NHS TRUST,244,0.324,0.742,0.726,0.402,0.347,0.456
Hip Replacement,RWD,UNITED LINCOLNSHIRE HOSPITALS NHS TRUST,278,0.312,0.738,0.717,0.405,0.354,0.456
Hip Replacement,RWE,UNIVERSITY HOSPITALS OF LEICESTER NHS TRUST,367,0.31,0.739,0.723,0.413,0.369,0.456
Hip Replacement,RWF,MAIDSTONE AND TUNBRIDGE WELLS NHS TRUST,167,0.369,0.782,0.793,0.424,0.362,0.485
Hip Replacement,RWG,WEST HERTFORDSHIRE HOSPITALS NHS TRUST,171,0.361,0.784,0.788,0.427,0.372,0.482
Hip Replacement,RWH,EAST AND NORTH HERTFORDSHIRE NHS TRUST,110,0.281,0.748,0.702,0.421,0.345,0.496
Hip Replacement,RWJ,STOCKPORT NHS FOUNDATION TRUST,193,0.355,0.8,0.801,0.446,0.388,0.505
Hip Replacement,RWP,WORCESTERSHIRE ACUTE HOSPITALS NHS TRUST,265,0.379,0.786,0.798,0.419,0.372,0.466
Hip Replacement,RWW,WARRINGTON AND HALTON HOSPITALS NHS FOUNDATION TRUST,116,0.267,0.673,0.616,0.349,0.26,0.439
Hip Replacement,RWY,CALDERDALE AND HUDDERSFIELD NHS FOUNDATION TRUST,235,0.364,0.797,0.807,0.443,0.397,0.49
Hip Replacement,RX1,NOTTINGHAM UNIVERSITY HOSPITALS NHS TRUST,349,0.308,0.726,0.716,0.408,0.365,0.452
Hip Replacement,RXC,EAST SUSSEX HOSPITALS NHS TRUST,152,0.361,0.751,0.77,0.409,0.346,0.473
Hip Replacement,RXF,MID YORKSHIRE HOSPITALS NHS TRUST,201,0.286,0.737,0.708,0.422,0.363,0.48
Hip Replacement,RXH,BRIGHTON AND SUSSEX UNIVERSITY HOSPITALS NHS TRUST,22,0.328,0.616,*,*,*,*
Hip Replacement,RXK,SANDWELL AND WEST BIRMINGHAM HOSPITALS NHS TRUST,136,0.324,0.679,0.675,0.351,0.257,0.445
Hip Replacement,RXL,BLACKPOOL, FYLDE AND WYRE HOSPITALS NHS FOUNDATION TRUST,117,0.223,0.674,0.577,0.354,0.261,0.447
Hip Replacement,RXN,LANCASHIRE TEACHING HOSPITALS NHS FOUNDATION TRUST,282,0.22,0.737,0.64,0.42,0.368,0.473
Hip Replacement,RXP,COUNTY DURHAM AND DARLINGTON NHS FOUNDATION TRUST,248,0.293,0.753,0.72,0.427,0.381,0.473
Hip Replacement,RXQ,BUCKINGHAMSHIRE HEALTHCARE NHS TRUST,118,0.389,0.791,0.793,0.404,0.348,0.459
Hip Replacement,RXR,EAST LANCASHIRE HOSPITALS NHS TRUST,120,0.346,0.729,0.727,0.381,0.308,0.453
Hip Replacement,RXW,SHREWSBURY AND TELFORD HOSPITAL NHS TRUST,111,0.371,0.778,0.791,0.42,0.347,0.493
Hip Replacement,RYJ,IMPERIAL COLLEGE HEALTHCARE NHS TRUST,124,0.364,0.754,0.783,0.419,0.335,0.502
Hip Replacement,RYQ,SOUTH LONDON HEALTHCARE NHS TRUST,280,0.29,0.722,0.668,0.378,0.328,0.427
Hip Replacement,RYR,WESTERN SUSSEX HOSPITALS NHS TRUST,391,0.389,0.75,0.776,0.387,0.345,0.428
Hip Replacement,5QT,ISLE OF WIGHT NHS PCT,128,66.531,77.656,77.282,10.751,6.784,14.717
Hip Replacement,NT204,NUFFIELD HEALTH, BRENTWOOD HOSPITAL,*,*,*,*,*,*,*
Hip Replacement,NT209,NUFFIELD HEALTH, CAMBRIDGE HOSPITAL,15,62.867,74.867,*,*,*,*
Hip Replacement,NT210,NUFFIELD HEALTH, THE GROSVENOR HOSPITAL, CHESTER,16,64,74.875,*,*,*,*
Hip Replacement,NT213,NUFFIELD HEALTH, DERBY HOSPITAL,60,72.883,83.167,85.26,12.377,8.247,16.507
Hip Replacement,NT215,NUFFIELD HEALTH, EXETER HOSPITAL,12,70.25,77.083,*,*,*,*
Hip Replacement,NT219,NUFFIELD HEALTH, HEREFORD HOSPITAL,6,64,76.333,*,*,*,*
Hip Replacement,NT225,NUFFIELD HEALTH, LEEDS HOSPITAL,*,*,*,*,*,*,*
Hip Replacement,NT229,NUFFIELD HEALTH, NEWCASTLE-UPON-TYNE HOSPITAL,*,*,*,*,*,*,*
Hip Replacement,NT235,NUFFIELD HEALTH, SHREWSBURY HOSPITAL,*,*,*,*,*,*,*
Hip Replacement,NT238,NUFFIELD HEALTH, TAUNTON HOSPITAL,28,71.964,77.679,*,*,*,*
Hip Replacement,NT239,NUFFIELD HEALTH, TUNBRIDGE WELLS HOSPITAL,9,58.333,55.556,*,*,*,*
Hip Replacement,NT242,NUFFIELD HEALTH, WOLVERHAMPTON HOSPITAL,13,62.077,76.692,*,*,*,*
Hip Replacement,NT245,NUFFIELD HEALTH, YORK HOSPITAL,16,66.188,81.25,*,*,*,*
Hip Replacement,NT301,SPIRE SOUTH BANK HOSPITAL,*,*,*,*,*,*,*
Hip Replacement,NT302,SPIRE BRISTOL HOSPITAL,*,*,*,*,*,*,*
Hip Replacement,NT304,SPIRE SOUTHAMPTON HOSPITAL,7,69.714,74,*,*,*,*
Hip Replacement,NT305,SPIRE PORTSMOUTH HOSPITAL,24,65.75,82.042,*,*,*,*
Hip Replacement,NT307,Unknown (NT307),12,80.417,80.75,*,*,*,*
Hip Replacement,NT308,SPIRE GATWICK PARK HOSPITAL,6,70,86.833,*,*,*,*
Hip Replacement,NT309,SPIRE SUSSEX HOSPITAL,17,72.353,79.882,*,*,*,*
Hip Replacement,NT312,SPIRE ALEXANDRA HOSPITAL,*,*,*,*,*,*,*
Hip Replacement,NT313,SPIRE WELLESLEY HOSPITAL,9,62.556,77.222,*,*,*,*
Hip Replacement,NT314,SPIRE RODING HOSPITAL,*,*,*,*,*,*,*
Hip Replacement,NT315,SPIRE BUSHEY HOSPITAL,40,71.725,78.575,81.668,9.943,2.751,17.134
Hip Replacement,NT316,SPIRE HARPENDEN HOSPITAL,21,71.19,79.238,*,*,*,*
Hip Replacement,NT317,SPIRE CAMBRIDGE LEA HOSPITAL,*,*,*,*,*,*,*
Hip Replacement,NT318,SPIRE NORWICH HOSPITAL,18,67.833,80.556,*,*,*,*
Hip Replacement,NT320,SPIRE PARKWAY HOSPITAL,18,70.944,78.444,*,*,*,*
Hip Replacement,NT321,SPIRE LITTLE ASTON HOSPITAL,14,73.214,76.357,*,*,*,*
Hip Replacement,NT322,SPIRE LEICESTER HOSPITAL,8,79.625,76.25,*,*,*,*
Hip Replacement,NT324,SPIRE CHESHIRE HOSPITAL,26,69.615,83.962,*,*,*,*
Hip Replacement,NT325,SPIRE MURRAYFIELD HOSPITAL,*,*,*,*,*,*,*
Hip Replacement,NT327,SPIRE MANCHESTER HOSPITAL,6,60.667,69.167,*,*,*,*
Hip Replacement,NT332,SPIRE LEEDS HOSPITAL,*,*,*,*,*,*,*
Hip Replacement,NT333,SPIRE WASHINGTON HOSPITAL,14,71.857,73.643,*,*,*,*
Hip Replacement,NT339,SPIRE REGENCY HOSPITAL,9,63.778,73,*,*,*,*
Hip Replacement,NT343,SPIRE THAMES VALLEY HOSPITAL,*,*,*,*,*,*,*
Hip Replacement,NT344,SPIRE DUNEDIN HOSPITAL,*,*,*,*,*,*,*
Hip Replacement,NT346,SPIRE ST SAVIOURS HOSPITAL,25,76.08,78,*,*,*,*
Hip Replacement,NT347,SPIRE FYLDE COAST HOSPITAL,*,*,*,*,*,*,*
Hip Replacement,NT348,SPIRE ELLAND HOSPITAL,14,59.643,71.071,*,*,*,*
Hip Replacement,NT350,SPIRE METHLEY PARK HOSPITAL,6,68.333,71.333,*,*,*,*
Hip Replacement,NT351,SPIRE HULL AND EAST RIDING HOSPITAL,24,56.792,75.167,*,*,*,*
Hip Replacement,NT401,BMI - THE ALEXANDRA HOSPITAL,12,59.75,77.833,*,*,*,*
Hip Replacement,NT402,BMI - BATH CLINIC,9,68.889,82.778,*,*,*,*
Hip Replacement,NT403,BMI - THE BEARDWOOD HOSPITAL,*,*,*,*,*,*,*
Hip Replacement,NT404,BMI - THE BEAUMONT HOSPITAL,*,*,*,*,*,*,*
Hip Replacement,NT406,BMI - THE BLACKHEATH HOSPITAL,*,*,*,*,*,*,*
Hip Replacement,NT411,BMI - THE CLEMENTINE CHURCHILL HOSPITAL,*,*,*,*,*,*,*
Hip Replacement,NT412,BMI - THE DROITWICH SPA HOSPITAL,15,73.867,75.067,*,*,*,*
Hip Replacement,NT413,BMI - THE ESPERANCE HOSPITAL,7,68.143,62.857,*,*,*,*
Hip Replacement,NT414,BMI - FAWKHAM MANOR HOSPITAL,*,*,*,*,*,*,*
Hip Replacement,NT415,BMI - THE FOSCOTE HOSPITAL,*,*,*,*,*,*,*
Hip Replacement,NT416,BMI - THE GARDEN HOSPITAL,*,*,*,*,*,*,*
Hip Replacement,NT420,BMI - THE HIGHFIELD HOSPITAL,25,66.32,75.04,*,*,*,*
Hip Replacement,NT421,BMI - THE KINGS OAK HOSPITAL,*,*,*,*,*,*,*
Hip Replacement,NT422,BMI - THE LONDON INDEPENDENT HOSPITAL,*,*,*,*,*,*,*
Hip Replacement,NT424,BMI - THE MERIDEN HOSPITAL,*,*,*,*,*,*,*
Hip Replacement,NT427,BMI - THE PARK HOSPITAL,*,*,*,*,*,*,*
Hip Replacement,NT428,BMI - THE PRINCESS MARGARET HOSPITAL,*,*,*,*,*,*,*
Hip Replacement,NT430,BMI - THE RIDGEWAY HOSPITAL,*,*,*,*,*,*,*
Hip Replacement,NT431,BMI - THE RUNNYMEDE HOSPITAL,*,*,*,*,*,*,*
Hip Replacement,NT432,BMI - THE SANDRINGHAM HOSPITAL,9,79.333,81.333,*,*,*,*
Hip Replacement,NT433,BMI - SARUM ROAD HOSPITAL,*,*,*,*,*,*,*
Hip Replacement,NT434,BMI - THE SAXON CLINIC,7,77.571,85.429,*,*,*,*
Hip Replacement,NT435,BMI - THE SHELBURNE HOSPITAL,*,*,*,*,*,*,*
Hip Replacement,NT438,BMI - THE SOMERFIELD HOSPITAL,6,63.167,81.667,*,*,*,*
Hip Replacement,NT439,BMI - THE SOUTH CHESHIRE PRIVATE HOSPITAL,*,*,*,*,*,*,*
Hip Replacement,NT440,BMI - THORNBURY HOSPITAL,60,64.067,77.3,73.75,9.683,3.377,15.988
Hip Replacement,NT441,BMI - THREE SHIRES HOSPITAL,7,71.857,87.143,*,*,*,*
Hip Replacement,NT443,BMI - THE WINTERBOURNE HOSPITAL,6,69.167,81.667,*,*,*,*
Hip Replacement,NT447,BMI THE DUCHY HOSPITAL,*,*,*,*,*,*,*
Hip Replacement,NT448,BMI THE HUDDERSFIELD HOSPITAL,*,*,*,*,*,*,*
Hip Replacement,NT449,BMI THE LANCASTER HOSPITAL,*,*,*,*,*,*,*
Hip Replacement,NT450,BMI THE LINCOLN HOSPITAL,*,*,*,*,*,*,*
Hip Replacement,NT714,GREATER MANCHESTER SURGICAL CENTRE,95,66.516,77.242,75.754,9.238,4.023,14.452
Hip Replacement,NTC01,SHEPTON MALLET NHS TREATMENT CENTRE,183,67.53,81.257,79.764,12.234,9.02,15.449
Hip Replacement,NTC02,EMERSONS GREEN NHS TREATMENT CENTRE,12,62.75,86.917,*,*,*,*
Hip Replacement,NTD02,THE CHESHIRE & MERSEYSIDE NHS TREATMENT CENTRE,258,64,79.264,76.091,12.091,9.24,14.941
Hip Replacement,NTE03,CLAREMONT HOSPITAL,91,67.209,77.264,75.529,8.32,2.702,13.937
Hip Replacement,NTF01,ABBEY GISBURNE PARK HOSPITAL,39,66.59,77.359,77.052,10.462,5.227,15.697
Hip Replacement,NTP11,SOUTHAMPTON NHS TREATMENT CENTRE (NTP11),*,*,*,*,*,*,*
Hip Replacement,NTP15,NORTH EAST LONDON NHS TREATMENT CENTRE (NTP15),14,62.786,62.857,*,*,*,*
Hip Replacement,NTY25,HOLLY HOUSE HOSPITAL,22,68.5,79.545,*,*,*,*
Hip Replacement,NTYF1,THE SPENCER WING,25,57.36,72.2,*,*,*,*
Hip Replacement,NTYH9,TYNESIDE SURGICAL SERVICES LTD,7,59.429,76.143,*,*,*,*
Hip Replacement,NVC01,ASHTEAD HOSPITAL,29,77.069,81.655,*,*,*,*
Hip Replacement,NVC02,THE BERKSHIRE INDEPENDENT HOSPITAL,9,70.333,84.444,*,*,*,*
Hip Replacement,NVC04,DUCHY HOSPITAL,154,68.61,77.779,77.861,9.251,5.496,13.006
Hip Replacement,NVC05,EUXTON HALL HOSPITAL,25,71.16,78.56,*,*,*,*
Hip Replacement,NVC06,FITZWILLIAM HOSPITAL,70,63.329,78.671,76.64,13.311,6.582,20.04
Hip Replacement,NVC07,FULWOOD HALL HOSPITAL,71,69.535,75.099,77.027,7.492,1.97,13.013
Hip Replacement,NVC08,MOUNT STUART HOSPITAL,91,74.429,80.473,85.855,11.426,6.494,16.358
Hip Replacement,NVC09,NEW HALL HOSPITAL,47,67.213,83.66,82.733,15.52,10.243,20.796
Hip Replacement,NVC11,NORTH DOWNS HOSPITAL,13,65.923,78.154,*,*,*,*
Hip Replacement,NVC12,OAKLANDS HOSPITAL,6,85.5,85,*,*,*,*
Hip Replacement,NVC13,OAKS HOSPITAL,23,70.348,82.13,*,*,*,*
Hip Replacement,NVC14,PARK HILL HOSPITAL,56,67.482,70.054,73.163,5.681,-1.593,12.956
Hip Replacement,NVC15,PINEHILL HOSPITAL,44,70.818,77.591,78.455,7.637,0.246,15.028
Hip Replacement,NVC16,RENACRES HOSPITAL,24,72.042,81.792,*,*,*,*
Hip Replacement,NVC17,ROWLEY HALL HOSPITAL,14,72.071,76.571,*,*,*,*
Hip Replacement,NVC18,SPRINGFIELD HOSPITAL,58,66.052,79.293,76.686,10.634,5.315,15.953
Hip Replacement,NVC19,RIVERS HOSPITAL,24,68.375,77.542,*,*,*,*
Hip Replacement,NVC20,THE YORKSHIRE CLINIC,109,66.991,76.688,75.95,8.959,3.484,14.434
Hip Replacement,NVC21,WEST MIDLANDS HOSPITAL,9,76.667,85.889,*,*,*,*
Hip Replacement,NVC22,WINFIELD HOSPITAL,44,75.068,81.932,85.034,9.966,3.844,16.087
Hip Replacement,NVC23,WOODLAND HOSPITAL,78,72.436,79.372,81.701,9.265,3.992,14.537
Hip Replacement,NVC25,HORTON NHS TREATMENT CENTRE,72,69.278,80.153,80.2,10.922,6.065,15.778
Hip Replacement,NVC28,CLIFTON PARK NHS TREATMENT CENTRE,147,69.061,77.286,77.925,8.864,4.649,13.079
Hip Replacement,NVC39,KENDAL NHS TREATMENT CENTRE,19,70.789,85.105,*,*,*,*
Hip Replacement,NVC40,NOTTINGHAM WOODTHORPE HOSPITAL,27,67.481,82.407,*,*,*,*
Hip Replacement,NVG01,FAIRFIELD HOSPITAL,*,*,*,*,*,*,*
Hip Replacement,NWF01,BENENDEN HOSPITAL,*,*,*,*,*,*,*
Hip Replacement,NXM01,THE HORDER CENTRE - ST JOHNS ROAD,551,71.073,80.595,82.115,11.042,9.338,12.747
Hip Replacement,RA2,ROYAL SURREY COUNTY HOSPITAL NHS FOUNDATION TRUST,151,66.159,77.993,75.795,9.636,5.663,13.608
Hip Replacement,RA3,WESTON AREA HEALTH NHS TRUST,103,71.476,76.35,79.713,8.237,3.637,12.836
Hip Replacement,RA4,YEOVIL DISTRICT HOSPITAL NHS FOUNDATION TRUST,123,65.992,74.821,73.766,7.774,3.032,12.516
Hip Replacement,RA9,SOUTH DEVON HEALTHCARE NHS FOUNDATION TRUST,107,64.664,71.196,71.897,7.233,2.109,12.357
Hip Replacement,RAE,BRADFORD TEACHING HOSPITALS NHS FOUNDATION TRUST,76,63.434,73.487,71.374,7.94,2.152,13.729
Hip Replacement,RAJ,SOUTHEND UNIVERSITY HOSPITAL NHS FOUNDATION TRUST,183,66.383,74.716,75.326,8.943,4.991,12.895
Hip Replacement,RAL,ROYAL FREE HAMPSTEAD NHS TRUST,54,60.963,73.296,70.24,9.277,2.839,15.716
Hip Replacement,RAN,ROYAL NATIONAL ORTHOPAEDIC HOSPITAL NHS TRUST,163,63.558,72.239,69.145,5.587,1.33,9.843
Hip Replacement,RAP,NORTH MIDDLESEX UNIVERSITY HOSPITAL NHS TRUST,18,66.389,68.556,*,*,*,*
Hip Replacement,RAS,THE HILLINGDON HOSPITAL NHS TRUST,70,70.271,77.986,79.952,9.681,3.929,15.433
Hip Replacement,RBA,TAUNTON AND SOMERSET NHS FOUNDATION TRUST,108,61.972,72.343,69.515,7.543,2.043,13.044
Hip Replacement,RBD,DORSET COUNTY HOSPITAL NHS FOUNDATION TRUST,169,62.852,76.615,73.811,10.959,7.023,14.895
Hip Replacement,RBF,NUFFIELD ORTHOPAEDIC CENTRE NHS TRUST,382,69.403,76.461,76.969,7.566,5.134,9.998
Hip Replacement,RBK,WALSALL HOSPITALS NHS TRUST,52,60.769,71.25,70.101,9.332,2.407,16.258
Hip Replacement,RBL,WIRRAL UNIVERSITY TEACHING HOSPITAL NHS FOUNDATION TRUST,147,67.088,75.32,77.853,10.765,6.702,14.829
Hip Replacement,RBN,ST HELENS AND KNOWSLEY HOSPITALS NHS TRUST,85,60.694,73.529,71.494,10.8,5.063,16.537
Hip Replacement,RBT,MID CHESHIRE HOSPITALS NHS FOUNDATION TRUST,124,65.613,73.661,74.552,8.939,4.364,13.514
Hip Replacement,RBZ,NORTHERN DEVON HEALTHCARE NHS TRUST,46,68.043,74.283,73.658,5.615,-2.31,13.54
Hip Replacement,RC1,BEDFORD HOSPITAL NHS TRUST,110,65.7,74.882,73.264,7.564,2.683,12.446
Hip Replacement,RC3,EALING HOSPITAL NHS TRUST,17,53.471,66.647,*,*,*,*
Hip Replacement,RC9,LUTON AND DUNSTABLE HOSPITAL NHS FOUNDATION TRUST,141,65.596,73.709,74.247,8.651,3.891,13.411
Hip Replacement,RCB,YORK HOSPITALS NHS FOUNDATION TRUST,86,65.558,73.802,74.146,8.588,3.482,13.695
Hip Replacement,RCC,SCARBOROUGH AND NORTH EAST YORKSHIRE HEALTH CARE NHS TRUST,123,69.837,76.878,79.661,9.824,5.441,14.206
Hip Replacement,RCD,HARROGATE AND DISTRICT NHS FOUNDATION TRUST,235,71.855,78.783,81.724,9.869,7.176,12.562
Hip Replacement,RCF,AIREDALE NHS FOUNDATION TRUST,93,65.333,75.688,74.789,9.456,4.123,14.788
Hip Replacement,RCX,THE QUEEN ELIZABETH HOSPITAL KING'S LYNN NHS TRUST,110,70.155,75.845,78.87,8.715,4.163,13.266
Hip Replacement,RD1,ROYAL UNITED HOSPITAL BATH NHS TRUST,73,66.37,75.164,73.832,7.462,1.896,13.028
Hip Replacement,RD7,HEATHERWOOD AND WEXHAM PARK HOSPITALS NHS FOUNDATION TRUST,70,64.514,74.214,72.974,8.46,1.413,15.507
Hip Replacement,RD8,MILTON KEYNES HOSPITAL NHS FOUNDATION TRUST,91,63.879,76.407,75.029,11.15,6.33,15.971
Hip Replacement,RDD,BASILDON AND THURROCK UNIVERSITY HOSPITALS NHS FOUNDATION TRUST,182,62.236,74.352,71.535,9.299,5.627,12.971
Hip Replacement,RDE,COLCHESTER HOSPITAL UNIVERSITY NHS FOUNDATION TRUST,200,61.25,72.14,69.112,7.862,4.116,11.608
Hip Replacement,RDU,FRIMLEY PARK HOSPITAL NHS FOUNDATION TRUST,152,66.533,78.526,78.317,11.784,8.028,15.54
Hip Replacement,RDZ,THE ROYAL BOURNEMOUTH AND CHRISTCHURCH HOSPITALS NHS FOUNDATION TRUST,250,72.444,77,81.667,9.223,6.009,12.437
Hip Replacement,RE9,SOUTH TYNESIDE NHS FOUNDATION TRUST,35,66.686,69.629,71.622,4.936,-6.308,16.179
Hip Replacement,REF,ROYAL CORNWALL HOSPITALS NHS TRUST,251,67.865,73.785,74.987,7.122,3.952,10.292
Hip Replacement,REM,AINTREE UNIVERSITY HOSPITALS NHS FOUNDATION TRUST,92,65.261,71.522,72.471,7.21,1.095,13.324
Hip Replacement,RF4,BARKING, HAVERING AND REDBRIDGE UNIVERSITY HOSPITALS NHS TRUST,59,61.61,70.695,68.809,7.199,0.193,14.205
Hip Replacement,RFF,BARNSLEY HOSPITAL NHS FOUNDATION TRUST,86,66.767,71.547,73.996,7.229,0.777,13.681
Hip Replacement,RFR,THE ROTHERHAM NHS FOUNDATION TRUST,101,63.267,70.921,69.988,6.721,0.41,13.031
Hip Replacement,RFS,CHESTERFIELD ROYAL HOSPITAL NHS FOUNDATION TRUST,202,60.223,71.426,68.432,8.209,4.424,11.995
Hip Replacement,RFW,WEST MIDDLESEX UNIVERSITY HOSPITAL NHS TRUST,29,58.483,74.828,*,*,*,*
Hip Replacement,RGC,WHIPPS CROSS UNIVERSITY HOSPITAL NHS TRUST,50,62.44,75.56,73.693,11.253,3.488,19.019
Hip Replacement,RGN,PETERBOROUGH AND STAMFORD HOSPITALS NHS FOUNDATION TRUST,125,64.296,76,74.408,10.112,5.727,14.497
Hip Replacement,RGP,JAMES PAGET UNIVERSITY HOSPITALS NHS FOUNDATION TRUST,176,67.58,77.926,79.27,11.69,8.172,15.209
Hip Replacement,RGQ,IPSWICH HOSPITAL NHS TRUST,228,68.399,78.785,79.679,11.28,8.033,14.527
Hip Replacement,RGR,WEST SUFFOLK HOSPITALS NHS TRUST,213,70.061,78.446,81.115,11.054,7.656,14.452
Hip Replacement,RGT,CAMBRIDGE UNIVERSITY HOSPITALS NHS FOUNDATION TRUST,163,65.27,76.62,75.006,9.736,6.042,13.43
Hip Replacement,RH8,ROYAL DEVON AND EXETER NHS FOUNDATION TRUST,583,69.576,77.353,78.248,8.672,6.749,10.594
Hip Replacement,RHM,SOUTHAMPTON UNIVERSITY HOSPITALS NHS TRUST,121,61.314,72.702,68.937,7.623,2.661,12.585
Hip Replacement,RHQ,SHEFFIELD TEACHING HOSPITALS NHS FOUNDATION TRUST,150,67.387,69.02,72.108,4.721,-0.28,9.722
Hip Replacement,RHU,PORTSMOUTH HOSPITALS NHS TRUST,245,67.641,76.412,77.829,10.188,7.092,13.285
Hip Replacement,RHW,ROYAL BERKSHIRE NHS FOUNDATION TRUST,151,65.159,77.642,76.459,11.3,7.198,15.403
Hip Replacement,RJ1,GUY'S AND ST THOMAS' NHS FOUNDATION TRUST,130,61.977,72.623,69.348,7.371,2.414,12.327
Hip Replacement,RJ2,LEWISHAM HEALTHCARE NHS TRUST,36,62.222,74.167,73.492,11.27,2.215,20.326
Hip Replacement,RJ7,ST GEORGE'S HEALTHCARE NHS TRUST,21,59.81,81.429,*,*,*,*
Hip Replacement,RJC,SOUTH WARWICKSHIRE NHS FOUNDATION TRUST,167,67.988,77.407,78.425,10.437,6.475,14.399
Hip Replacement,RJD,MID STAFFORDSHIRE NHS FOUNDATION TRUST,55,68.855,76.764,77.516,8.661,1.111,16.21
Hip Replacement,RJE,UNIVERSITY HOSPITAL OF NORTH STAFFORDSHIRE NHS TRUST,260,64.242,69.492,70.722,6.48,2.993,9.968
Hip Replacement,RJF,BURTON HOSPITALS NHS FOUNDATION TRUST,146,67.534,78.952,78.41,10.876,6.94,14.812
Hip Replacement,RJL,NORTHERN LINCOLNSHIRE AND GOOLE HOSPITALS NHS FOUNDATION TRUST,283,65.562,75.046,75.318,9.756,6.757,12.756
Hip Replacement,RJN,EAST CHESHIRE NHS TRUST,86,66.814,79.686,79.562,12.748,7.346,18.149
Hip Replacement,RJR,COUNTESS OF CHESTER HOSPITAL NHS FOUNDATION TRUST,49,64.347,75.082,73.668,9.321,2.389,16.253
Hip Replacement,RJZ,KING'S COLLEGE HOSPITAL NHS FOUNDATION TRUST,74,63.149,74.824,72.876,9.727,4.311,15.143
Hip Replacement,RK5,SHERWOOD FOREST HOSPITALS NHS FOUNDATION TRUST,113,61.009,68.779,65.973,4.964,-0.12,10.049
Hip Replacement,RK9,PLYMOUTH HOSPITALS NHS TRUST,242,64.512,72.595,73.15,8.638,4.944,12.331
Hip Replacement,RKB,UNIVERSITY HOSPITALS COVENTRY AND WARWICKSHIRE NHS TRUST,188,64.495,72.761,70.911,6.416,2.626,10.206
Hip Replacement,RKE,THE WHITTINGTON HOSPITAL NHS TRUST,33,63.061,73.727,71.289,8.228,-3.559,20.014
Hip Replacement,RL1,ROBERT JONES AND AGNES HUNT ORTHOPAEDIC AND DISTRICT HOSPITAL NHS TRUST,436,66.798,78.206,78.02,11.222,8.969,13.475
Hip Replacement,RL4,THE ROYAL WOLVERHAMPTON HOSPITALS NHS TRUST,130,61.908,72.577,70.757,8.849,3.842,13.857
Hip Replacement,RLN,CITY HOSPITALS SUNDERLAND NHS FOUNDATION TRUST,77,63.312,67.065,68.056,4.744,-2.714,12.202
Hip Replacement,RLQ,HEREFORD HOSPITALS NHS TRUST,137,67,76.401,76.115,9.115,5.192,13.039
Hip Replacement,RLT,GEORGE ELIOT HOSPITAL NHS TRUST,141,66.66,73.582,76.137,9.477,5.169,13.785
Hip Replacement,RM1,NORFOLK AND NORWICH UNIVERSITY HOSPITALS NHS FOUNDATION TRUST,295,67.153,74.281,75.16,8.007,4.932,11.083
Hip Replacement,RM2,UNIVERSITY HOSPITAL OF SOUTH MANCHESTER NHS FOUNDATION TRUST,77,64.117,75.299,73.723,9.606,4.469,14.743
Hip Replacement,RM3,SALFORD ROYAL NHS FOUNDATION TRUST,43,63.628,70.047,69.104,5.476,-3.631,14.584
Hip Replacement,RM4,TRAFFORD HEALTHCARE NHS TRUST,49,66.51,78.265,77.951,11.441,2.545,20.337
Hip Replacement,RMC,ROYAL BOLTON HOSPITAL NHS FOUNDATION TRUST,76,66.408,70.789,73.105,6.697,0.561,12.834
Hip Replacement,RMP,TAMESIDE HOSPITAL NHS FOUNDATION TRUST,38,62.5,75.658,74.403,11.903,1.977,21.83
Hip Replacement,RN1,WINCHESTER AND EASTLEIGH HEALTHCARE NHS TRUST,90,70.722,76.589,79.148,8.426,3.558,13.293
Hip Replacement,RN3,GREAT WESTERN HOSPITALS NHS FOUNDATION TRUST,181,70.448,76.309,78.753,8.305,4.506,12.104
Hip Replacement,RN5,BASINGSTOKE AND NORTH HAMPSHIRE NHS FOUNDATION TRUST,151,68.291,77.252,76.949,8.658,4.546,12.771
Hip Replacement,RN7,DARTFORD AND GRAVESHAM NHS TRUST,20,68.8,78.5,*,*,*,*
Hip Replacement,RNA,THE DUDLEY GROUP OF HOSPITALS NHS FOUNDATION TRUST,221,69.403,73.353,77.212,7.809,4.387,11.232
Hip Replacement,RNH,NEWHAM UNIVERSITY HOSPITAL NHS TRUST,30,56.933,70.433,66.738,9.805,0.135,19.475
Hip Replacement,RNJ,BARTS AND THE LONDON NHS TRUST,64,64.219,75.391,75.88,11.661,5.155,18.168
Hip Replacement,RNL,NORTH CUMBRIA UNIVERSITY HOSPITALS NHS TRUST,81,61.346,73.185,70.424,9.078,1.84,16.317
Hip Replacement,RNQ,KETTERING GENERAL HOSPITAL NHS FOUNDATION TRUST,59,68.576,71.797,74.07,5.494,-1.47,12.457
Hip Replacement,RNS,NORTHAMPTON GENERAL HOSPITAL NHS TRUST,106,63.255,76.358,73.97,10.715,5.815,15.614
Hip Replacement,RNZ,SALISBURY NHS FOUNDATION TRUST,90,71.078,77.8,80.666,9.588,5.01,14.167
Hip Replacement,RP5,DONCASTER AND BASSETLAW HOSPITALS NHS FOUNDATION TRUST,218,64.885,71.619,72.574,7.689,3.874,11.504
Hip Replacement,RPA,MEDWAY NHS FOUNDATION TRUST,73,61.712,71.712,69.325,7.613,1.793,13.434
Hip Replacement,RQ6,ROYAL LIVERPOOL AND BROADGREEN UNIVERSITY HOSPITALS NHS TRUST,53,65.774,73.849,74.027,8.253,0.207,16.298
Hip Replacement,RQ8,MID ESSEX HOSPITAL SERVICES NHS TRUST,208,64.505,76.255,74.534,10.029,6.704,13.354
Hip Replacement,RQM,CHELSEA AND WESTMINSTER HOSPITAL NHS FOUNDATION TRUST,*,*,*,*,*,*,*
Hip Replacement,RQQ,HINCHINGBROOKE HEALTH CARE NHS TRUST,166,67.036,76.819,76.973,9.937,6.446,13.429
Hip Replacement,RQW,THE PRINCESS ALEXANDRA HOSPITAL NHS TRUST,116,58.845,76.121,69.392,10.547,5.738,15.355
Hip Replacement,RQX,HOMERTON UNIVERSITY HOSPITAL NHS FOUNDATION TRUST,13,64.231,60.769,*,*,*,*
Hip Replacement,RR1,HEART OF ENGLAND NHS FOUNDATION TRUST,197,63.964,71.812,72.132,8.168,4.393,11.942
Hip Replacement,RR7,GATESHEAD HEALTH NHS FOUNDATION TRUST,78,68.103,76.026,77.398,9.295,3.974,14.615
Hip Replacement,RR8,LEEDS TEACHING HOSPITALS NHS TRUST,190,63.063,73.605,71.544,8.481,4.616,12.345
Hip Replacement,RRF,WRIGHTINGTON, WIGAN AND LEIGH NHS FOUNDATION TRUST,173,65.329,75.052,74.355,9.026,5.365,12.687
Hip Replacement,RRJ,THE ROYAL ORTHOPAEDIC HOSPITAL NHS FOUNDATION TRUST,315,66.81,76.143,77.35,10.54,7.78,13.3
Hip Replacement,RRV,UNIVERSITY COLLEGE LONDON HOSPITALS NHS FOUNDATION TRUST,98,63.918,70.388,68.237,4.319,-1.892,10.53
Hip Replacement,RTD,THE NEWCASTLE UPON TYNE HOSPITALS NHS FOUNDATION TRUST,213,63.08,71.582,71.389,8.309,4.228,12.39
Hip Replacement,RTE,GLOUCESTERSHIRE HOSPITALS NHS FOUNDATION TRUST,295,69.271,76.936,78.023,8.752,6.024,11.479
Hip Replacement,RTF,NORTHUMBRIA HEALTHCARE NHS FOUNDATION TRUST,309,68.327,76.068,77.408,9.081,6.082,12.081
Hip Replacement,RTG,DERBY HOSPITALS NHS FOUNDATION TRUST,257,67.043,75.599,76.033,8.99,5.714,12.266
Hip Replacement,RTK,ASHFORD AND ST PETER'S HOSPITALS NHS FOUNDATION TRUST,166,67.904,76.271,77.558,9.654,5.882,13.426
Hip Replacement,RTP,SURREY AND SUSSEX HEALTHCARE NHS TRUST,44,62.955,72.318,68.79,5.835,-1.401,13.071
Hip Replacement,RTR,SOUTH TEES HOSPITALS NHS FOUNDATION TRUST,305,63.111,74.708,73.319,10.208,7.188,13.228
Hip Replacement,RTX,UNIVERSITY HOSPITALS OF MORECAMBE BAY NHS FOUNDATION TRUST,182,68.341,76.209,77.548,9.207,5.929,12.485
Hip Replacement,RV8,NORTH WEST LONDON HOSPITALS NHS TRUST,53,68.509,76.981,78.847,10.338,3.578,17.098
Hip Replacement,RVJ,NORTH BRISTOL NHS TRUST,182,67.742,76.632,76.984,9.242,5.102,13.383
Hip Replacement,RVL,BARNET AND CHASE FARM HOSPITALS NHS TRUST,66,61.697,70.394,68.025,6.328,-0.588,13.244
Hip Replacement,RVR,EPSOM AND ST HELIER UNIVERSITY HOSPITALS NHS TRUST,606,68.384,77.536,78.298,9.914,7.858,11.97
Hip Replacement,RVV,EAST KENT HOSPITALS UNIVERSITY NHS FOUNDATION TRUST,308,65.899,72.601,73.672,7.773,4.317,11.23
Hip Replacement,RVW,NORTH TEES AND HARTLEPOOL NHS FOUNDATION TRUST,202,60.109,70.941,67.996,7.887,3.631,12.144
Hip Replacement,RVY,SOUTHPORT AND ORMSKIRK HOSPITAL NHS TRUST,41,61.756,67.073,63.645,1.889,-7.439,11.217
Hip Replacement,RW3,CENTRAL MANCHESTER UNIVERSITY HOSPITALS NHS FOUNDATION TRUST,39,65.026,68.949,71.962,6.936,-0.729,14.601
Hip Replacement,RW6,PENNINE ACUTE HOSPITALS NHS TRUST,186,62.183,69.43,68.691,6.508,1.696,11.321
Hip Replacement,RWA,HULL AND EAST YORKSHIRE HOSPITALS NHS TRUST,225,64.564,73.249,71.73,7.166,3.348,10.983
Hip Replacement,RWD,UNITED LINCOLNSHIRE HOSPITALS NHS TRUST,270,67.396,74.233,76.404,9.008,5.734,12.281
Hip Replacement,RWE,UNIVERSITY HOSPITALS OF LEICESTER NHS TRUST,344,61.424,72.776,70.12,8.696,5.603,11.788
Hip Replacement,RWF,MAIDSTONE AND TUNBRIDGE WELLS NHS TRUST,151,66.351,76.868,77.012,10.661,6.32,15.002
Hip Replacement,RWG,WEST HERTFORDSHIRE HOSPITALS NHS TRUST,164,62.012,76.823,71.961,9.949,6.282,13.616
Hip Replacement,RWH,EAST AND NORTH HERTFORDSHIRE NHS TRUST,102,63.892,73.676,72.18,8.288,3.894,12.681
Hip Replacement,RWJ,STOCKPORT NHS FOUNDATION TRUST,171,67.632,76.895,77.795,10.163,6.226,14.1
Hip Replacement,RWP,WORCESTERSHIRE ACUTE HOSPITALS NHS TRUST,250,67.692,77.448,77.654,9.962,6.819,13.106
Hip Replacement,RWW,WARRINGTON AND HALTON HOSPITALS NHS FOUNDATION TRUST,109,66.119,69.771,71.042,4.923,-1.143,10.988
Hip Replacement,RWY,CALDERDALE AND HUDDERSFIELD NHS FOUNDATION TRUST,233,64.403,76.798,75.315,10.912,7.615,14.209
Hip Replacement,RX1,NOTTINGHAM UNIVERSITY HOSPITALS NHS TRUST,341,63.041,72.17,70.994,7.953,4.956,10.95
Hip Replacement,RXC,EAST SUSSEX HOSPITALS NHS TRUST,149,63.181,72.966,71.23,8.049,3.382,12.715
Hip Replacement,RXF,MID YORKSHIRE HOSPITALS NHS TRUST,206,64.306,73.049,73.442,9.136,5.1,13.171
Hip Replacement,RXH,BRIGHTON AND SUSSEX UNIVERSITY HOSPITALS NHS TRUST,24,59.417,59.292,*,*,*,*
Hip Replacement,RXK,SANDWELL AND WEST BIRMINGHAM HOSPITALS NHS TRUST,112,66.205,70.286,73.063,6.858,1.965,11.751
Hip Replacement,RXL,BLACKPOOL, FYLDE AND WYRE HOSPITALS NHS FOUNDATION TRUST,110,63.973,70.2,69.094,5.121,-0.698,10.941
Hip Replacement,RXN,LANCASHIRE TEACHING HOSPITALS NHS FOUNDATION TRUST,276,66.757,71.333,72.632,5.875,2.512,9.238
Hip Replacement,RXP,COUNTY DURHAM AND DARLINGTON NHS FOUNDATION TRUST,235,63.468,74.664,73.874,10.406,7.071,13.741
Hip Replacement,RXQ,BUCKINGHAMSHIRE HEALTHCARE NHS TRUST,111,69.117,76.964,77.398,8.281,3.945,12.617
Hip Replacement,RXR,EAST LANCASHIRE HOSPITALS NHS TRUST,116,66.224,71.698,72.446,6.222,1.311,11.132
Hip Replacement,RXW,SHREWSBURY AND TELFORD HOSPITAL NHS TRUST,105,66.524,76.6,75.991,9.467,3.869,15.065
Hip Replacement,RYJ,IMPERIAL COLLEGE HEALTHCARE NHS TRUST,129,67.419,74.488,76.57,9.151,4.885,13.416
Hip Replacement,RYQ,SOUTH LONDON HEALTHCARE NHS TRUST,265,66.491,75.026,74.972,8.481,5.114,11.849
Hip Replacement,RYR,WESTERN SUSSEX HOSPITALS NHS TRUST,369,68.453,74.967,76.219,7.766,4.884,10.648
Hip Replacement,5QT,ISLE OF WIGHT NHS PCT,147,17.456,37.442,37.002,19.546,17.365,21.728
Hip Replacement,NT204,NUFFIELD HEALTH, BRENTWOOD HOSPITAL,*,*,*,*,*,*,*
Hip Replacement,NT209,NUFFIELD HEALTH, CAMBRIDGE HOSPITAL,17,19.765,39.471,*,*,*,*
Hip Replacement,NT210,NUFFIELD HEALTH, THE GROSVENOR HOSPITAL, CHESTER,24,15.958,39.375,*,*,*,*
Hip Replacement,NT213,NUFFIELD HEALTH, DERBY HOSPITAL,63,19.206,41.429,40.689,21.483,19.061,23.905
Hip Replacement,NT215,NUFFIELD HEALTH, EXETER HOSPITAL,12,21.333,40.75,*,*,*,*
Hip Replacement,NT219,NUFFIELD HEALTH, HEREFORD HOSPITAL,6,17.167,38.667,*,*,*,*
Hip Replacement,NT225,NUFFIELD HEALTH, LEEDS HOSPITAL,*,*,*,*,*,*,*
Hip Replacement,NT229,NUFFIELD HEALTH, NEWCASTLE-UPON-TYNE HOSPITAL,*,*,*,*,*,*,*
Hip Replacement,NT235,NUFFIELD HEALTH, SHREWSBURY HOSPITAL,*,*,*,*,*,*,*
Hip Replacement,NT238,NUFFIELD HEALTH, TAUNTON HOSPITAL,31,21.29,40.161,41.799,20.509,16.094,24.924
Hip Replacement,NT239,NUFFIELD HEALTH, TUNBRIDGE WELLS HOSPITAL,10,10,32.8,*,*,*,*
Hip Replacement,NT242,NUFFIELD HEALTH, WOLVERHAMPTON HOSPITAL,15,19.533,38.867,*,*,*,*
Hip Replacement,NT245,NUFFIELD HEALTH, YORK HOSPITAL,19,15.737,39.053,*,*,*,*
Hip Replacement,NT301,SPIRE SOUTH BANK HOSPITAL,*,*,*,*,*,*,*
Hip Replacement,NT302,SPIRE BRISTOL HOSPITAL,*,*,*,*,*,*,*
Hip Replacement,NT304,SPIRE SOUTHAMPTON HOSPITAL,7,19.857,33.143,*,*,*,*
Hip Replacement,NT305,SPIRE PORTSMOUTH HOSPITAL,27,18.778,41.556,*,*,*,*
Hip Replacement,NT307,Unknown (NT307),14,20.429,42.143,*,*,*,*
Hip Replacement,NT308,SPIRE GATWICK PARK HOSPITAL,7,20,43.857,*,*,*,*
Hip Replacement,NT309,SPIRE SUSSEX HOSPITAL,24,19.5,40.583,*,*,*,*
Hip Replacement,NT312,SPIRE ALEXANDRA HOSPITAL,*,*,*,*,*,*,*
Hip Replacement,NT313,SPIRE WELLESLEY HOSPITAL,10,15.5,38.4,*,*,*,*
Hip Replacement,NT314,SPIRE RODING HOSPITAL,*,*,*,*,*,*,*
Hip Replacement,NT315,SPIRE BUSHEY HOSPITAL,47,23.681,39.809,43.124,19.443,16.154,22.733
Hip Replacement,NT316,SPIRE HARPENDEN HOSPITAL,24,18.458,39.542,*,*,*,*
Hip Replacement,NT317,SPIRE CAMBRIDGE LEA HOSPITAL,7,21.429,39.143,*,*,*,*
Hip Replacement,NT318,SPIRE NORWICH HOSPITAL,18,21.889,40.444,*,*,*,*
Hip Replacement,NT320,SPIRE PARKWAY HOSPITAL,22,20.545,39.409,*,*,*,*
Hip Replacement,NT321,SPIRE LITTLE ASTON HOSPITAL,16,19.375,34.125,*,*,*,*
Hip Replacement,NT322,SPIRE LEICESTER HOSPITAL,8,23.125,40.75,*,*,*,*
Hip Replacement,NT324,SPIRE CHESHIRE HOSPITAL,30,22.067,41,43.135,21.068,16.01,26.126
Hip Replacement,NT325,SPIRE MURRAYFIELD HOSPITAL,*,*,*,*,*,*,*
Hip Replacement,NT327,SPIRE MANCHESTER HOSPITAL,7,22.571,35.429,*,*,*,*
Hip Replacement,NT332,SPIRE LEEDS HOSPITAL,*,*,*,*,*,*,*
Hip Replacement,NT333,SPIRE WASHINGTON HOSPITAL,14,17.357,38.929,*,*,*,*
Hip Replacement,NT339,SPIRE REGENCY HOSPITAL,11,21.273,40.364,*,*,*,*
Hip Replacement,NT343,SPIRE THAMES VALLEY HOSPITAL,*,*,*,*,*,*,*
Hip Replacement,NT344,SPIRE DUNEDIN HOSPITAL,*,*,*,*,*,*,*
Hip Replacement,NT346,SPIRE ST SAVIOURS HOSPITAL,30,21.033,37.2,38.816,17.783,13.272,22.294
Hip Replacement,NT347,SPIRE FYLDE COAST HOSPITAL,*,*,*,*,*,*,*
Hip Replacement,NT348,SPIRE ELLAND HOSPITAL,14,16.214,33.643,*,*,*,*
Hip Replacement,NT350,SPIRE METHLEY PARK HOSPITAL,7,20.143,37.429,*,*,*,*
Hip Replacement,NT351,SPIRE HULL AND EAST RIDING HOSPITAL,29,16.655,39.759,*,*,*,*
Hip Replacement,NT401,BMI - THE ALEXANDRA HOSPITAL,14,15.5,37.143,*,*,*,*
Hip Replacement,NT402,BMI - BATH CLINIC,10,19.1,43.3,*,*,*,*
Hip Replacement,NT403,BMI - THE BEARDWOOD HOSPITAL,*,*,*,*,*,*,*
Hip Replacement,NT404,BMI - THE BEAUMONT HOSPITAL,*,*,*,*,*,*,*
Hip Replacement,NT406,BMI - THE BLACKHEATH HOSPITAL,*,*,*,*,*,*,*
Hip Replacement,NT411,BMI - THE CLEMENTINE CHURCHILL HOSPITAL,*,*,*,*,*,*,*
Hip Replacement,NT412,BMI - THE DROITWICH SPA HOSPITAL,19,20.684,38.895,*,*,*,*
Hip Replacement,NT413,BMI - THE ESPERANCE HOSPITAL,8,20.5,36.375,*,*,*,*
Hip Replacement,NT414,BMI - FAWKHAM MANOR HOSPITAL,*,*,*,*,*,*,*
Hip Replacement,NT415,BMI - THE FOSCOTE HOSPITAL,*,*,*,*,*,*,*
Hip Replacement,NT416,BMI - THE GARDEN HOSPITAL,*,*,*,*,*,*,*
Hip Replacement,NT420,BMI - THE HIGHFIELD HOSPITAL,31,17.839,35.032,35.027,17.188,12.99,21.385
Hip Replacement,NT421,BMI - THE KINGS OAK HOSPITAL,*,*,*,*,*,*,*
Hip Replacement,NT422,BMI - THE LONDON INDEPENDENT HOSPITAL,*,*,*,*,*,*,*
Hip Replacement,NT424,BMI - THE MERIDEN HOSPITAL,*,*,*,*,*,*,*
Hip Replacement,NT427,BMI - THE PARK HOSPITAL,*,*,*,*,*,*,*
Hip Replacement,NT428,BMI - THE PRINCESS MARGARET HOSPITAL,*,*,*,*,*,*,*
Hip Replacement,NT430,BMI - THE RIDGEWAY HOSPITAL,*,*,*,*,*,*,*
Hip Replacement,NT431,BMI - THE RUNNYMEDE HOSPITAL,*,*,*,*,*,*,*
Hip Replacement,NT432,BMI - THE SANDRINGHAM HOSPITAL,11,19.545,43.545,*,*,*,*
Hip Replacement,NT433,BMI - SARUM ROAD HOSPITAL,*,*,*,*,*,*,*
Hip Replacement,NT434,BMI - THE SAXON CLINIC,9,20.667,40.778,*,*,*,*
Hip Replacement,NT435,BMI - THE SHELBURNE HOSPITAL,*,*,*,*,*,*,*
Hip Replacement,NT438,BMI - THE SOMERFIELD HOSPITAL,8,16.75,41.875,*,*,*,*
Hip Replacement,NT439,BMI - THE SOUTH CHESHIRE PRIVATE HOSPITAL,*,*,*,*,*,*,*
Hip Replacement,NT440,BMI - THORNBURY HOSPITAL,67,18.463,39.94,39.964,21.501,18.346,24.656
Hip Replacement,NT441,BMI - THREE SHIRES HOSPITAL,8,19.25,42.25,*,*,*,*
Hip Replacement,NT443,BMI - THE WINTERBOURNE HOSPITAL,6,15.167,42.833,*,*,*,*
Hip Replacement,NT447,BMI THE DUCHY HOSPITAL,*,*,*,*,*,*,*
Hip Replacement,NT448,BMI THE HUDDERSFIELD HOSPITAL,*,*,*,*,*,*,*
Hip Replacement,NT449,BMI THE LANCASTER HOSPITAL,*,*,*,*,*,*,*
Hip Replacement,NT450,BMI THE LINCOLN HOSPITAL,*,*,*,*,*,*,*
Hip Replacement,NT714,GREATER MANCHESTER SURGICAL CENTRE,114,16.825,39.596,37.362,20.537,18.24,22.835
Hip Replacement,NTC01,SHEPTON MALLET NHS TREATMENT CENTRE,212,18.349,42.802,41.669,23.32,22.019,24.622
Hip Replacement,NTC02,EMERSONS GREEN NHS TREATMENT CENTRE,13,18.385,44.615,*,*,*,*
Hip Replacement,NTD02,THE CHESHIRE & MERSEYSIDE NHS TREATMENT CENTRE,296,19.199,40.5,39.938,20.739,19.415,22.063
Hip Replacement,NTE03,CLAREMONT HOSPITAL,106,18.623,39.311,38.959,20.336,17.743,22.929
Hip Replacement,NTF01,ABBEY GISBURNE PARK HOSPITAL,46,19.326,39.391,39.227,19.901,16.758,23.043
Hip Replacement,NTP11,SOUTHAMPTON NHS TREATMENT CENTRE (NTP11),*,*,*,*,*,*,*
Hip Replacement,NTP15,NORTH EAST LONDON NHS TREATMENT CENTRE (NTP15),14,15.714,33.357,*,*,*,*
Hip Replacement,NTY25,HOLLY HOUSE HOSPITAL,25,18,39.44,*,*,*,*
Hip Replacement,NTYF1,THE SPENCER WING,31,16.581,34.71,33.881,17.3,11.523,23.078
Hip Replacement,NTYH9,TYNESIDE SURGICAL SERVICES LTD,6,13.833,35.167,*,*,*,*
Hip Replacement,NVC01,ASHTEAD HOSPITAL,32,21.438,41.438,42.666,21.228,17.625,24.83
Hip Replacement,NVC02,THE BERKSHIRE INDEPENDENT HOSPITAL,10,21.2,38.3,*,*,*,*
Hip Replacement,NVC04,DUCHY HOSPITAL,167,20.293,39.91,41.2,20.907,18.959,22.855
Hip Replacement,NVC05,EUXTON HALL HOSPITAL,30,16.3,38.433,36.684,20.384,15.96,24.807
Hip Replacement,NVC06,FITZWILLIAM HOSPITAL,80,19.063,39.025,39.432,20.369,17.375,23.363
Hip Replacement,NVC07,FULWOOD HALL HOSPITAL,83,20.337,39.687,40.555,20.218,17.658,22.777
Hip Replacement,NVC08,MOUNT STUART HOSPITAL,97,20.948,40.01,41.687,20.739,18.322,23.155
Hip Replacement,NVC09,NEW HALL HOSPITAL,49,19.224,42.041,40.228,21.004,18.414,23.594
Hip Replacement,NVC11,NORTH DOWNS HOSPITAL,15,22.867,43.267,*,*,*,*
Hip Replacement,NVC12,OAKLANDS HOSPITAL,7,14.286,39.571,*,*,*,*
Hip Replacement,NVC13,OAKS HOSPITAL,28,18.929,40.429,*,*,*,*
Hip Replacement,NVC14,PARK HILL HOSPITAL,64,15.516,35.859,34.541,19.025,14.902,23.148
Hip Replacement,NVC15,PINEHILL HOSPITAL,47,21.064,41.106,42.201,21.137,17.617,24.658
Hip Replacement,NVC16,RENACRES HOSPITAL,29,19.069,41.138,*,*,*,*
Hip Replacement,NVC17,ROWLEY HALL HOSPITAL,18,20.333,38.722,*,*,*,*
Hip Replacement,NVC18,SPRINGFIELD HOSPITAL,65,18.585,40.431,39.487,20.902,18.213,23.591
Hip Replacement,NVC19,RIVERS HOSPITAL,25,15.96,37.64,*,*,*,*
Hip Replacement,NVC20,THE YORKSHIRE CLINIC,130,19.5,39.515,40.266,20.766,18.401,23.131
Hip Replacement,NVC21,WEST MIDLANDS HOSPITAL,10,23.2,39.3,*,*,*,*
Hip Replacement,NVC22,WINFIELD HOSPITAL,52,20.481,41.75,41.625,21.144,18.693,23.595
Hip Replacement,NVC23,WOODLAND HOSPITAL,88,21.33,40.5,41.601,20.271,17.929,22.613
Hip Replacement,NVC25,HORTON NHS TREATMENT CENTRE,83,18.831,39.976,38.586,19.755,17.258,22.251
Hip Replacement,NVC28,CLIFTON PARK NHS TREATMENT CENTRE,169,19.284,40.361,39.536,20.252,18.634,21.871
Hip Replacement,NVC39,KENDAL NHS TREATMENT CENTRE,20,23.25,44.7,*,*,*,*
Hip Replacement,NVC40,NOTTINGHAM WOODTHORPE HOSPITAL,29,19.586,40.793,*,*,*,*
Hip Replacement,NVG01,FAIRFIELD HOSPITAL,*,*,*,*,*,*,*
Hip Replacement,NWF01,BENENDEN HOSPITAL,*,*,*,*,*,*,*
Hip Replacement,NXM01,THE HORDER CENTRE - ST JOHNS ROAD,627,21.826,41.214,43.044,21.218,20.371,22.065
Hip Replacement,RA2,ROYAL SURREY COUNTY HOSPITAL NHS FOUNDATION TRUST,177,19.955,40.531,41.108,21.153,19.319,22.987
Hip Replacement,RA3,WESTON AREA HEALTH NHS TRUST,122,17.623,38.754,37.8,20.177,17.831,22.523
Hip Replacement,RA4,YEOVIL DISTRICT HOSPITAL NHS FOUNDATION TRUST,145,19.338,39.421,40.17,20.832,18.906,22.758
Hip Replacement,RA9,SOUTH DEVON HEALTHCARE NHS FOUNDATION TRUST,123,17.431,36.301,36.563,19.132,16.35,21.915
Hip Replacement,RAE,BRADFORD TEACHING HOSPITALS NHS FOUNDATION TRUST,82,17.72,35.354,35.927,18.207,14.499,21.916
Hip Replacement,RAJ,SOUTHEND UNIVERSITY HOSPITAL NHS FOUNDATION TRUST,208,17.813,35.572,35.797,17.984,15.85,20.118
Hip Replacement,RAL,ROYAL FREE HAMPSTEAD NHS TRUST,63,16.762,36.222,35.769,19.007,15.185,22.828
Hip Replacement,RAN,ROYAL NATIONAL ORTHOPAEDIC HOSPITAL NHS TRUST,195,19.282,35.728,37.529,18.247,16.259,20.235
Hip Replacement,RAP,NORTH MIDDLESEX UNIVERSITY HOSPITAL NHS TRUST,23,18.391,29.609,*,*,*,*
Hip Replacement,RAS,THE HILLINGDON HOSPITAL NHS TRUST,86,18.872,38.919,39.034,20.162,17.289,23.035
Hip Replacement,RBA,TAUNTON AND SOMERSET NHS FOUNDATION TRUST,127,18.898,38.449,39.73,20.832,18.348,23.315
Hip Replacement,RBD,DORSET COUNTY HOSPITAL NHS FOUNDATION TRUST,208,17.938,37.692,37.756,19.818,17.701,21.935
Hip Replacement,RBF,NUFFIELD ORTHOPAEDIC CENTRE NHS TRUST,438,19.119,38.482,37.923,18.804,17.622,19.986
Hip Replacement,RBK,WALSALL HOSPITALS NHS TRUST,64,15.469,32.531,32.456,16.987,13.418,20.555
Hip Replacement,RBL,WIRRAL UNIVERSITY TEACHING HOSPITAL NHS FOUNDATION TRUST,171,16.807,35.678,34.67,17.863,15.853,19.874
Hip Replacement,RBN,ST HELENS AND KNOWSLEY HOSPITALS NHS TRUST,101,15.911,36.168,35.085,19.174,16.22,22.128
Hip Replacement,RBT,MID CHESHIRE HOSPITALS NHS FOUNDATION TRUST,151,16.305,36.795,35.073,18.768,16.576,20.961
Hip Replacement,RBZ,NORTHERN DEVON HEALTHCARE NHS TRUST,56,19.304,40.536,41.215,21.911,18.369,25.453
Hip Replacement,RC1,BEDFORD HOSPITAL NHS TRUST,128,17.547,37.039,36.488,18.941,16.664,21.218
Hip Replacement,RC3,EALING HOSPITAL NHS TRUST,23,17.565,33.217,*,*,*,*
Hip Replacement,RC9,LUTON AND DUNSTABLE HOSPITAL NHS FOUNDATION TRUST,163,17.325,36.89,36.572,19.247,16.962,21.532
Hip Replacement,RCB,YORK HOSPITALS NHS FOUNDATION TRUST,101,18.772,37.149,38.584,19.812,16.798,22.826
Hip Replacement,RCC,SCARBOROUGH AND NORTH EAST YORKSHIRE HEALTH CARE NHS TRUST,137,17.117,38.526,37.847,20.73,18.25,23.211
Hip Replacement,RCD,HARROGATE AND DISTRICT NHS FOUNDATION TRUST,267,22.199,40.7,42.086,19.887,18.504,21.271
Hip Replacement,RCF,AIREDALE NHS FOUNDATION TRUST,108,17.296,37.315,36.368,19.072,16.173,21.971
Hip Replacement,RCX,THE QUEEN ELIZABETH HOSPITAL KING'S LYNN NHS TRUST,130,17.792,37.438,36.945,19.153,16.838,21.468
Hip Replacement,RD1,ROYAL UNITED HOSPITAL BATH NHS TRUST,86,19.872,39.895,40.512,20.64,18.2,23.081
Hip Replacement,RD7,HEATHERWOOD AND WEXHAM PARK HOSPITALS NHS FOUNDATION TRUST,83,18,38.711,38.833,20.833,17.989,23.677
Hip Replacement,RD8,MILTON KEYNES HOSPITAL NHS FOUNDATION TRUST,98,17.673,37.408,37.227,19.554,16.693,22.415
Hip Replacement,RDD,BASILDON AND THURROCK UNIVERSITY HOSPITALS NHS FOUNDATION TRUST,212,16.104,36.415,35.16,19.056,17.251,20.862
Hip Replacement,RDE,COLCHESTER HOSPITAL UNIVERSITY NHS FOUNDATION TRUST,227,16.74,36.432,36.012,19.272,17.307,21.238
Hip Replacement,RDU,FRIMLEY PARK HOSPITAL NHS FOUNDATION TRUST,194,19.521,37.933,38.127,18.606,16.638,20.573
Hip Replacement,RDZ,THE ROYAL BOURNEMOUTH AND CHRISTCHURCH HOSPITALS NHS FOUNDATION TRUST,343,20.227,39.426,40.836,20.609,19.359,21.859
Hip Replacement,RE9,SOUTH TYNESIDE NHS FOUNDATION TRUST,43,16.721,33.558,33.526,16.805,11.415,22.194
Hip Replacement,REF,ROYAL CORNWALL HOSPITALS NHS TRUST,289,17.848,36.298,36.634,18.786,16.939,20.633
Hip Replacement,REM,AINTREE UNIVERSITY HOSPITALS NHS FOUNDATION TRUST,109,15.138,34.807,33.277,18.139,15.091,21.187
Hip Replacement,RF4,BARKING, HAVERING AND REDBRIDGE UNIVERSITY HOSPITALS NHS TRUST,63,15.587,33.238,31.609,16.022,11.985,20.058
Hip Replacement,RFF,BARNSLEY HOSPITAL NHS FOUNDATION TRUST,102,15.549,33.814,32.548,16.999,13.762,20.237
Hip Replacement,RFR,THE ROTHERHAM NHS FOUNDATION TRUST,112,17.375,35.509,35.896,18.521,15.351,21.69
Hip Replacement,RFS,CHESTERFIELD ROYAL HOSPITAL NHS FOUNDATION TRUST,237,16.333,35.169,34.811,18.478,16.488,20.468
Hip Replacement,RFW,WEST MIDDLESEX UNIVERSITY HOSPITAL NHS TRUST,36,16,36,34.121,18.121,13.338,22.904
Hip Replacement,RGC,WHIPPS CROSS UNIVERSITY HOSPITAL NHS TRUST,61,17.918,37.639,38.285,20.367,16.864,23.87
Hip Replacement,RGN,PETERBOROUGH AND STAMFORD HOSPITALS NHS FOUNDATION TRUST,154,16.37,37.045,35.859,19.489,17.246,21.732
Hip Replacement,RGP,JAMES PAGET UNIVERSITY HOSPITALS NHS FOUNDATION TRUST,208,18.019,37.466,37.761,19.742,17.948,21.535
Hip Replacement,RGQ,IPSWICH HOSPITAL NHS TRUST,271,18.594,40.244,40.232,21.638,20.119,23.157
Hip Replacement,RGR,WEST SUFFOLK HOSPITALS NHS TRUST,248,18.919,39.782,39.144,20.225,18.756,21.694
Hip Replacement,RGT,CAMBRIDGE UNIVERSITY HOSPITALS NHS FOUNDATION TRUST,181,19.227,39.453,39.931,20.704,18.959,22.449
Hip Replacement,RH8,ROYAL DEVON AND EXETER NHS FOUNDATION TRUST,627,21.297,39.884,41.801,20.504,19.518,21.489
Hip Replacement,RHM,SOUTHAMPTON UNIVERSITY HOSPITALS NHS TRUST,141,16.837,36.17,35.272,18.435,15.987,20.884
Hip Replacement,RHQ,SHEFFIELD TEACHING HOSPITALS NHS FOUNDATION TRUST,177,17.514,34.226,34.07,16.556,14.374,18.738
Hip Replacement,RHU,PORTSMOUTH HOSPITALS NHS TRUST,282,17.929,38.167,38.028,20.099,18.403,21.794
Hip Replacement,RHW,ROYAL BERKSHIRE NHS FOUNDATION TRUST,194,17.34,39.247,37.747,20.407,18.494,22.32
Hip Replacement,RJ1,GUY'S AND ST THOMAS' NHS FOUNDATION TRUST,151,18.563,35.828,37.16,18.597,15.97,21.224
Hip Replacement,RJ2,LEWISHAM HEALTHCARE NHS TRUST,47,14.596,36,34.374,19.778,15.365,24.191
Hip Replacement,RJ7,ST GEORGE'S HEALTHCARE NHS TRUST,23,15.217,36.087,*,*,*,*
Hip Replacement,RJC,SOUTH WARWICKSHIRE NHS FOUNDATION TRUST,189,19.381,39.476,39.674,20.293,18.489,22.098
Hip Replacement,RJD,MID STAFFORDSHIRE NHS FOUNDATION TRUST,61,19.164,39.787,39.489,20.325,17.364,23.285
Hip Replacement,RJE,UNIVERSITY HOSPITAL OF NORTH STAFFORDSHIRE NHS TRUST,303,15.083,34.337,33.312,18.229,16.431,20.027
Hip Replacement,RJF,BURTON HOSPITALS NHS FOUNDATION TRUST,165,19.594,40.218,40.663,21.069,19.307,22.832
Hip Replacement,RJL,NORTHERN LINCOLNSHIRE AND GOOLE HOSPITALS NHS FOUNDATION TRUST,317,15.117,37.533,35.757,20.64,18.955,22.325
Hip Replacement,RJN,EAST CHESHIRE NHS TRUST,98,18.296,40.52,39.898,21.602,19.543,23.662
Hip Replacement,RJR,COUNTESS OF CHESTER HOSPITAL NHS FOUNDATION TRUST,60,15.9,35.483,33.178,17.278,13.655,20.902
Hip Replacement,RJZ,KING'S COLLEGE HOSPITAL NHS FOUNDATION TRUST,85,17.988,36.659,37.61,19.622,16.509,22.735
Hip Replacement,RK5,SHERWOOD FOREST HOSPITALS NHS FOUNDATION TRUST,131,15.412,34.214,32.998,17.586,14.961,20.211
Hip Replacement,RK9,PLYMOUTH HOSPITALS NHS TRUST,269,17.632,34.978,35.912,18.28,16.287,20.274
Hip Replacement,RKB,UNIVERSITY HOSPITALS COVENTRY AND WARWICKSHIRE NHS TRUST,220,18.227,37.714,38.113,19.886,18.049,21.722
Hip Replacement,RKE,THE WHITTINGTON HOSPITAL NHS TRUST,43,18.209,37.558,38.538,20.329,14.834,25.825
Hip Replacement,RL1,ROBERT JONES AND AGNES HUNT ORTHOPAEDIC AND DISTRICT HOSPITAL NHS TRUST,505,19.198,39.105,39.878,20.68,19.469,21.891
Hip Replacement,RL4,THE ROYAL WOLVERHAMPTON HOSPITALS NHS TRUST,149,16.906,36.846,36.992,20.086,17.722,22.45
Hip Replacement,RLN,CITY HOSPITALS SUNDERLAND NHS FOUNDATION TRUST,92,16.348,32.663,32.39,16.042,12.247,19.836
Hip Replacement,RLQ,HEREFORD HOSPITALS NHS TRUST,183,18.175,38.169,37.998,19.823,17.955,21.692
Hip Replacement,RLT,GEORGE ELIOT HOSPITAL NHS TRUST,170,16.694,35.165,35.112,18.418,15.977,20.859
Hip Replacement,RM1,NORFOLK AND NORWICH UNIVERSITY HOSPITALS NHS FOUNDATION TRUST,355,18.279,37.254,37.891,19.612,18.099,21.125
Hip Replacement,RM2,UNIVERSITY HOSPITAL OF SOUTH MANCHESTER NHS FOUNDATION TRUST,92,17.576,37.207,36.341,18.765,16.273,21.257
Hip Replacement,RM3,SALFORD ROYAL NHS FOUNDATION TRUST,50,14.66,35.12,32.613,17.953,14.375,21.531
Hip Replacement,RM4,TRAFFORD HEALTHCARE NHS TRUST,62,16.565,37.71,36.301,19.736,15.961,23.511
Hip Replacement,RMC,ROYAL BOLTON HOSPITAL NHS FOUNDATION TRUST,84,16.369,35.667,34.667,18.298,15.086,21.51
Hip Replacement,RMP,TAMESIDE HOSPITAL NHS FOUNDATION TRUST,52,15.308,36.981,34.562,19.254,15.41,23.098
Hip Replacement,RN1,WINCHESTER AND EASTLEIGH HEALTHCARE NHS TRUST,110,19.382,38.091,38.109,18.727,16.223,21.231
Hip Replacement,RN3,GREAT WESTERN HOSPITALS NHS FOUNDATION TRUST,217,17.972,37.917,37.369,19.397,17.552,21.242
Hip Replacement,RN5,BASINGSTOKE AND NORTH HAMPSHIRE NHS FOUNDATION TRUST,183,20.071,39.869,40.445,20.374,18.493,22.255
Hip Replacement,RN7,DARTFORD AND GRAVESHAM NHS TRUST,23,18.478,37.913,*,*,*,*
Hip Replacement,RNA,THE DUDLEY GROUP OF HOSPITALS NHS FOUNDATION TRUST,244,18.041,36.377,36.736,18.695,16.894,20.496
Hip Replacement,RNH,NEWHAM UNIVERSITY HOSPITAL NHS TRUST,38,15.105,32.158,32.022,16.917,11.999,21.835
Hip Replacement,RNJ,BARTS AND THE LONDON NHS TRUST,75,16.28,34.12,35.38,19.1,15.001,23.199
Hip Replacement,RNL,NORTH CUMBRIA UNIVERSITY HOSPITALS NHS TRUST,103,15.223,38.136,35.824,20.601,17.549,23.653
Hip Replacement,RNQ,KETTERING GENERAL HOSPITAL NHS FOUNDATION TRUST,68,21.882,35.618,38.744,16.862,13.431,20.293
Hip Replacement,RNS,NORTHAMPTON GENERAL HOSPITAL NHS TRUST,118,17.381,38.551,36.793,19.412,17.116,21.707
Hip Replacement,RNZ,SALISBURY NHS FOUNDATION TRUST,109,19.44,38.78,38.688,19.248,16.949,21.547
Hip Replacement,RP5,DONCASTER AND BASSETLAW HOSPITALS NHS FOUNDATION TRUST,237,16.287,35.025,34.633,18.346,16.192,20.5
Hip Replacement,RPA,MEDWAY NHS FOUNDATION TRUST,89,15.719,34.674,33.23,17.511,13.986,21.036
Hip Replacement,RQ6,ROYAL LIVERPOOL AND BROADGREEN UNIVERSITY HOSPITALS NHS TRUST,64,16.422,35.156,34.003,17.581,14.116,21.047
Hip Replacement,RQ8,MID ESSEX HOSPITAL SERVICES NHS TRUST,232,16.315,38.909,37.449,21.134,19.535,22.734
Hip Replacement,RQM,CHELSEA AND WESTMINSTER HOSPITAL NHS FOUNDATION TRUST,*,*,*,*,*,*,*
Hip Replacement,RQQ,HINCHINGBROOKE HEALTH CARE NHS TRUST,200,19.11,37.77,38.157,19.047,17.072,21.021
Hip Replacement,RQW,THE PRINCESS ALEXANDRA HOSPITAL NHS TRUST,131,18.351,38.756,39.013,20.662,18.515,22.809
Hip Replacement,RQX,HOMERTON UNIVERSITY HOSPITAL NHS FOUNDATION TRUST,16,18.375,32.813,*,*,*,*
Hip Replacement,RR1,HEART OF ENGLAND NHS FOUNDATION TRUST,229,17.127,35.38,35.048,17.921,16.033,19.808
Hip Replacement,RR7,GATESHEAD HEALTH NHS FOUNDATION TRUST,94,18.149,37.011,37.049,18.9,16.265,21.535
Hip Replacement,RR8,LEEDS TEACHING HOSPITALS NHS TRUST,213,15.742,36.493,35.493,19.751,17.775,21.728
Hip Replacement,RRF,WRIGHTINGTON, WIGAN AND LEIGH NHS FOUNDATION TRUST,199,16.678,36.146,34.357,17.679,15.579,19.778
Hip Replacement,RRJ,THE ROYAL ORTHOPAEDIC HOSPITAL NHS FOUNDATION TRUST,582,17.557,37.899,38.454,20.897,19.726,22.067
Hip Replacement,RRV,UNIVERSITY COLLEGE LONDON HOSPITALS NHS FOUNDATION TRUST,124,20.685,36.702,39.521,18.836,16.051,21.621
Hip Replacement,RTD,THE NEWCASTLE UPON TYNE HOSPITALS NHS FOUNDATION TRUST,233,18.738,36.073,38.429,19.691,17.77,21.613
Hip Replacement,RTE,GLOUCESTERSHIRE HOSPITALS NHS FOUNDATION TRUST,362,19.036,38.24,38.731,19.695,18.328,21.063
Hip Replacement,RTF,NORTHUMBRIA HEALTHCARE NHS FOUNDATION TRUST,346,19.301,39.618,40.294,20.993,19.703,22.284
Hip Replacement,RTG,DERBY HOSPITALS NHS FOUNDATION TRUST,311,18.399,38.363,38.617,20.218,18.695,21.741
Hip Replacement,RTK,ASHFORD AND ST PETER'S HOSPITALS NHS FOUNDATION TRUST,196,18.464,39.036,39.471,21.007,19.22,22.793
Hip Replacement,RTP,SURREY AND SUSSEX HEALTHCARE NHS TRUST,51,17.961,38.667,38.474,20.513,17.215,23.811
Hip Replacement,RTR,SOUTH TEES HOSPITALS NHS FOUNDATION TRUST,356,17.452,37.225,37.19,19.738,18.29,21.186
Hip Replacement,RTX,UNIVERSITY HOSPITALS OF MORECAMBE BAY NHS FOUNDATION TRUST,206,19.417,38.748,38.926,19.509,17.816,21.202
Hip Replacement,RV8,NORTH WEST LONDON HOSPITALS NHS TRUST,63,18.302,37.905,38.366,20.064,16.442,23.687
Hip Replacement,RVJ,NORTH BRISTOL NHS TRUST,210,18.867,38.452,38.722,19.855,17.829,21.882
Hip Replacement,RVL,BARNET AND CHASE FARM HOSPITALS NHS TRUST,75,15.747,37.133,35.976,20.229,16.85,23.607
Hip Replacement,RVR,EPSOM AND ST HELIER UNIVERSITY HOSPITALS NHS TRUST,681,20.305,38.956,40.274,19.969,18.958,20.981
Hip Replacement,RVV,EAST KENT HOSPITALS UNIVERSITY NHS FOUNDATION TRUST,351,17.792,36.282,37.233,19.441,17.862,21.019
Hip Replacement,RVW,NORTH TEES AND HARTLEPOOL NHS FOUNDATION TRUST,230,16.526,35.191,34.301,17.775,15.873,19.677
Hip Replacement,RVY,SOUTHPORT AND ORMSKIRK HOSPITAL NHS TRUST,46,17.391,35.609,34.271,16.88,12.17,21.59
Hip Replacement,RW3,CENTRAL MANCHESTER UNIVERSITY HOSPITALS NHS FOUNDATION TRUST,47,16.17,37.128,37.654,21.484,17.603,25.365
Hip Replacement,RW6,PENNINE ACUTE HOSPITALS NHS TRUST,202,15.733,35.144,33.905,18.172,15.875,20.469
Hip Replacement,RWA,HULL AND EAST YORKSHIRE HOSPITALS NHS TRUST,278,17.694,37.349,37.591,19.897,18.132,21.661
Hip Replacement,RWD,UNITED LINCOLNSHIRE HOSPITALS NHS TRUST,309,17.227,36.783,35.695,18.468,16.844,20.093
Hip Replacement,RWE,UNIVERSITY HOSPITALS OF LEICESTER NHS TRUST,397,16.529,37.778,37.358,20.829,19.429,22.23
Hip Replacement,RWF,MAIDSTONE AND TUNBRIDGE WELLS NHS TRUST,189,18.852,39.476,40.004,21.152,19.194,23.111
Hip Replacement,RWG,WEST HERTFORDSHIRE HOSPITALS NHS TRUST,186,19.011,38.538,38.978,19.967,18.185,21.748
Hip Replacement,RWH,EAST AND NORTH HERTFORDSHIRE NHS TRUST,117,18.094,36.538,36.918,18.824,16.032,21.616
Hip Replacement,RWJ,STOCKPORT NHS FOUNDATION TRUST,199,18.543,39.784,39.084,20.541,18.672,22.41
Hip Replacement,RWP,WORCESTERSHIRE ACUTE HOSPITALS NHS TRUST,280,18.929,38.843,39.043,20.114,18.561,21.667
Hip Replacement,RWW,WARRINGTON AND HALTON HOSPITALS NHS FOUNDATION TRUST,129,16.248,34.651,32.726,16.478,13.718,19.238
Hip Replacement,RWY,CALDERDALE AND HUDDERSFIELD NHS FOUNDATION TRUST,268,18.101,39.03,39.287,21.186,19.604,22.768
Hip Replacement,RX1,NOTTINGHAM UNIVERSITY HOSPITALS NHS TRUST,395,16.995,36.567,36.971,19.976,18.568,21.384
Hip Replacement,RXC,EAST SUSSEX HOSPITALS NHS TRUST,171,18.924,38.018,38.97,20.046,17.901,22.191
Hip Replacement,RXF,MID YORKSHIRE HOSPITALS NHS TRUST,219,15.868,36.735,35.175,19.307,17.37,21.245
Hip Replacement,RXH,BRIGHTON AND SUSSEX UNIVERSITY HOSPITALS NHS TRUST,30,16.467,33.967,32.951,16.484,10.31,22.658
Hip Replacement,RXK,SANDWELL AND WEST BIRMINGHAM HOSPITALS NHS TRUST,151,16.497,34.861,35.018,18.521,15.776,21.265
Hip Replacement,RXL,BLACKPOOL, FYLDE AND WYRE HOSPITALS NHS FOUNDATION TRUST,127,14.811,34.126,31.432,16.621,13.736,19.507
Hip Replacement,RXN,LANCASHIRE TEACHING HOSPITALS NHS FOUNDATION TRUST,297,14.909,37.279,34.333,19.424,17.807,21.042
Hip Replacement,RXP,COUNTY DURHAM AND DARLINGTON NHS FOUNDATION TRUST,266,16.771,37.786,36.814,20.043,18.333,21.754
Hip Replacement,RXQ,BUCKINGHAMSHIRE HEALTHCARE NHS TRUST,131,20.634,39.351,39.182,18.548,16.552,20.545
Hip Replacement,RXR,EAST LANCASHIRE HOSPITALS NHS TRUST,132,16.273,35.583,34.667,18.394,15.906,20.881
Hip Replacement,RXW,SHREWSBURY AND TELFORD HOSPITAL NHS TRUST,124,18.613,37.879,38.288,19.675,16.935,22.415
Hip Replacement,RYJ,IMPERIAL COLLEGE HEALTHCARE NHS TRUST,145,19.421,37.255,38.592,19.171,16.561,21.781
Hip Replacement,RYQ,SOUTH LONDON HEALTHCARE NHS TRUST,314,17.105,35.688,34.564,17.459,15.813,19.105
Hip Replacement,RYR,WESTERN SUSSEX HOSPITALS NHS TRUST,413,18.969,37.252,37.762,18.793,17.407,20.179
